check,warn_count,info_count,clean_count,sample_note,sample_finding
Completeness,215,199,26,a-functioning-kb-needs-a-workshop-layer-not-just-a-library.md,"The library/workshop binary may not be exhaustive. A plausible boundary case is a **living checklist or runbook** -- a document that is used repeatedly during work (consumed like a workshop document) but also refined in place over time (accumulated like a library document). The note's table forces a choice: value trajectory is either ""accumulates"" or ""consumed."" A checklist that gets better each time it is used occupies both columns simultaneously. The note's own example of ""task templates that pull in relevant library content"" hints at this hybrid but classifies it as a composition bridge rather than acknowledging it as a document that is genuinely both library and workshop."
Grounding,43,74,230,a-knowledge-base-should-support-fluid-resolution-switching.md,"The note says ""Link semantics encode zoom direction"" and attributes directional meaning: ""'Since [X]' zooms into a foundation -- following it takes you deeper"" and ""'This extends [Y]' zooms out toward a generalization."" The linked source (link-strength-is-encoded-in-position-and-prose.md) does discuss ""since"" and ""extends"" as relationship words, but it frames them as *strength signals* and *role indicators* (premise vs structural vs tension), not as zoom directions. The source says ""since [X]"" indicates a premise link with strongest weight; it does not say anything about zooming in or out. The directional/spatial interpretation (zoom in, zoom out, shift laterally) is the note's own inference layered on top of the source's vocabulary. This is reasonable but could mislead a reader into thinking the zoom-direction framing comes from the link-strength note."
Grounding alignment,20,47,87,a-functioning-kb-needs-a-workshop-layer-not-just-a-library.md,"The note claims the type system is ""text, note, structured-claim, spec, adr"" and calls it a ""maturity ladder."" The linked document-classification.md lists seven base types (text, note, spec, review, index, adr, structured-claim), not five. The note omits `review` and `index`. This matters because `review` -- a type that ""examines specific existing code; has Findings; dated"" -- has temporal, lifecycle-like properties (it is dated, its findings may become stale). Omitting it from the library types weakens the claim that the existing type system is purely a permanence ladder; `review` is a counter-example that sits closer to workshop territory even within the current library hierarchy."
Grounding — domain coverage,20,1,0,a-good-agentic-kb-maximizes-contextual-competence-through-discoverable-composable-trustworthy-knowledge.md,"The note cites [constraining-and-distillation-both-trade-generality-for-compound] to ground the claim that constraining and distillation ""trade generality for the reliability+speed+cost compound."" The source note explicitly covers constraining and distillation as the two mechanisms that make this trade-off. However, the reviewed note adds **pruning** and **discovery** as third and fourth operations — neither appears in the source. The source's two-mechanism framework is silently promoted to a four-operation (plus accumulation) framework. Readers following the link may expect the source to ground the full operation set, but it only grounds two of the four transformation operations."
Grounding — scope mismatch,12,1,0,automated-synthesis-is-missing-good-oracles.md,"The note claims: ""Discriminating the valuable from the noise requires judgment that is not substantially cheaper than producing the synthesis in the first place — and that's the oracle gap."" The linked source (the-boundary-of-automation-is-the-boundary-of-verification.md) makes the broader structural claim that ""generation without verification produces output, not automation"" and ""where automation stalls, the bottleneck is typically oracle construction, not generation."" The broader source says the bottleneck is oracle *construction*, meaning the difficulty of building a verifier at all. The note's ""not substantially cheaper"" claim is a stronger, more specific assertion — that even if an oracle exists, its cost rivals generation cost. This is a distinct claim not grounded in the linked source, which is about oracle *availability*, not oracle *cost relative to generation*. The note presents this as following from the general principle, but it's an additional inference."
completeness,11,14,0,agent-context-is-constrained-by-soft-degradation-not-hard-token-limits.md,"The note claims the soft bound operates across exactly ""two dimensions"" — volume and complexity — framing this as a complete decomposition. But a boundary case exists that fits neither cleanly: **information arrangement** (position effects). The ""lost in the middle"" finding is cited under volume, but position effects are not about how many tokens there are — they occur at fixed token counts by rearranging content. The note's own Benchmarker subsection acknowledges ""information arrangement"" as a factor that shifts the soft bound, but the two-dimensions framework has no slot for it. Position effects could be forced into ""complexity"" (arrangement changes how hard the tokens are to use), but the note defines complexity as ""compositional depth"" and ""interpretation overhead,"" not spatial layout. This is a gap in the enumeration: a factor the note itself names as relevant but that the framework doesn't cleanly accommodate."
grounding,7,6,16,agent-context-is-constrained-by-soft-degradation-not-hard-token-limits.md,"The note claims ""ConvexBench shows complexity-driven collapse at low token counts — compositional depth, not volume, was the bottleneck."" The source (Liu et al., 2026) studies whether LLMs can recognize convexity in deeply composed symbolic functions — a formal mathematical verification task with mechanically verifiable answers. The note uses this to ground a general claim about LLM context complexity, but ConvexBench measures compositional reasoning over symbolic expressions (parenthesized function compositions), not the kind of complexity practitioners encounter in agent contexts (competing instructions, scope leakage, underspecified natural-language tasks). The domain of the source (symbolic mathematical verification) is narrower than the domain of the claim (general agent context complexity). The transfer is plausible but not established by the source itself."
Grounding alignment — domain coverage,5,2,0,frontloading-spares-execution-context.md,"The note claims ""frontloading addresses the complexity dimension of that scarcity"" (claim 2), citing the context-efficiency note, which does classify ""Frontloading and partial evaluation"" as ""(primarily complexity)"" in its architectural-responses table. However, the frontloading note's own body describes savings that are clearly also volume savings: ""A pre-computed listing costs only the bytes of the listing itself; the same listing produced at runtime costs the instruction, the tool call, the full output, and the LLM's interpretation of it."" The tool-call output and full listing are volume costs, not complexity costs. The discovery-avoidance paragraph reinforces this — ""the agent never spends tokens determining them at runtime"" is a volume argument. The note's evidence straddles both dimensions, but its framing claims only complexity. This is an overstatement of specificity — frontloading addresses both dimensions, with complexity as the primary but not exclusive target."
Grounding alignment / domain coverage,5,0,0,context-engineering.md,"The note claims its treatment is ""consistent with [Anthropic's] operational view but broader in architectural scope, because context efficiency is the central design concern."" The linked note (context-efficiency-is-the-central-design-concern-in-agent-systems.md) does argue that context scarcity makes the discipline architectural. But the justification chain has a gap: the Anthropic definition (""strategies for curating and maintaining the optimal set of tokens during LLM inference"") is about **token curation during inference**, while the architectural extensions in this note include storage format, knowledge lifecycle, and session boundaries -- concerns that operate *between* inferences, not during them. The note presents the Anthropic definition as the narrow view it extends, but does not explicitly acknowledge that the extension moves from an inference-time discipline to a system-lifetime discipline. This is the note's own move, not something the cited Anthropic source or the context-efficiency note claims. Readers could mistake the Anthropic citation as endorsing the full architectural scope."
Completeness — boundary case,4,21,0,human-writing-structures-transfer-to-llms-because-failure-modes-overlap.md,"The note proposes the methodology: ""evaluate the specific arguments for why a structure helps humans, and check whether each argument applies to LLMs."" The simplest boundary case is a structure that helps humans for reasons that have no LLM analog — e.g., methods sections in scientific papers enable reproducibility (the note mentions this). But a harder boundary case sits between the enumerated items: structures that help humans via social/institutional mechanisms (peer review conventions, legal brief format enforced by courts, academic citation norms). These exist because of institutional accountability, not cognitive failure prevention. The note frames all human writing structures as evolving to prevent reasoning failures, but many evolved to satisfy institutional requirements. This category is not covered, and the per-convention evaluation methodology would need to account for it."
Completeness / boundary case,4,8,0,effective-context-is-task-relative-and-complexity-relative-not-a-fixed-model-constant.md,"The note claims ""effective context is relational: model choice matters, task type matters, and prompt difficulty changes the effective cost of a prompt."" This enumeration of factors (model, task type, prompt difficulty) omits several factors that both sources hint at. Paulsen's source discusses **position effects** (retrieval drops from 76% to 66% when key info moves from position 1 to position 2), **ratio of relevant to total tokens** (up to 25% impact), and **training-time sequence length** as distinct factors affecting MECW. The note's caveats mention ""position, framing, and scope contamination"" but fold them into ""prompt difficulty"" as a catch-all. This is a defensible modeling choice, but a reader might ask: does ""prompt difficulty"" become so broad that it loses predictive content? If position effects, framing quality, relevant-to-irrelevant ratio, and compositional depth all collapse into ""difficulty,"" the relational claim becomes near-tautological — effective context depends on everything about the prompt except its token count. The note could be clearer about whether ""prompt difficulty"" is a placeholder for multiple separable dimensions or a genuinely unified concept."
Completeness / boundary cases,4,3,0,alexander-patterns-and-knowledge-system-design.md,"The note claims Alexander's generative process maps to the codification trajectory: ""start with unstructured text, let patterns emerge from practice, formalise when consistent success becomes observable."" But Alexander's generative process is about sequential placement decisions responding to local conditions and strengthening existing structure — it is a construction-time sequencing method, not an emergence-and-formalize method. The codification trajectory (observe pattern, then formalize) is closer to grounded theory or empirical generalization than to Alexander's generative sequences, which prescribe an order of operations for building, not a method for discovering what to build. The mapping conflates ""responding to local conditions"" with ""letting patterns emerge,"" which are distinct processes: one is adaptive execution, the other is inductive discovery."
Grounding alignment / scope mismatch,3,0,0,effective-context-is-task-relative-and-complexity-relative-not-a-fixed-model-constant.md,"The note says Paulsen ""measures Maximum Effective Context Window (MECW) across 11 frontier models and finds it far smaller than advertised limits. Crucially, the threshold shifts by problem type."" The Paulsen source does support this, but the note then uses this as evidence that ""effective context is relational"" in a way that includes prompt difficulty / compositional complexity as a dimension. Paulsen's tasks (needle-in-a-haystack, counting, sorting, summarization) vary by task *type* but do not isolate compositional complexity as a separate axis. The note's caveats paragraph acknowledges this (""Paulsen does not cleanly isolate pure volume from task difficulty""), but the body paragraphs present Paulsen and ConvexBench as two independent legs of a convergent argument where Paulsen covers the task-type axis and ConvexBench covers the complexity axis. In practice, Paulsen's finding is that MECW varies by task type, not that it varies by complexity independent of task type. The note's synthesis — that effective context is jointly determined by task type *and* complexity — goes beyond what the two sources independently demonstrate, because neither source measures the interaction between the two dimensions. The convergence is weaker than ""two independent sources converge on this"" suggests: each source covers a different axis, but no source covers the joint claim."
Grounding alignment — scope mismatch,3,0,0,areas-exist-because-useful-operations-require-reading-notes-together.md,"The note claims ""The split threshold of ~40 notes"" is specified in WRITING.md (two links: ""split threshold of ~40 notes"" and ""~40 note threshold"" both point to `../instructions/WRITING.md`). WRITING.md does not contain any mention of a 40-note threshold, a split threshold, or indeed any area-related conventions. The `areas:` frontmatter field has been replaced by `tags:` per ADR 004. WRITING.md now references tags and tag indexes exclusively. A reader following these links will not find the claimed content."
Internal consistency,2,107,225,backlinks.md,"The note places orphan detection in the non-use-case list while promoting hub identification as use case 1, but concedes they ""measure the same thing"" (inbound link count). The stated difference -- that orphan detection does not need read-time visibility -- is defensible, but the note's own phrasing (""Backlinks measure the same thing as hub identification"") undermines the categorical separation by admitting the data is identical. This leaves the distinction resting entirely on a presentation-layer argument that the note does not develop."
Completeness/Boundary,2,4,0,information-value-is-observer-relative.md,"The four KB conventions listed as ""optimizations for the agent observer"" (title as claim, descriptions as retrieval filters, short composable notes, progressive refinement) are presented as instances of observer-relative design. Boundary case: **link semantics** (the requirement that every link articulate its relationship) is arguably a fifth convention that optimizes for the agent observer -- it reduces the computational cost of traversal decisions by making relationship type explicit rather than requiring the agent to infer it. The note links to related notes using semantic labels (instance, grounds, etc.) but does not list link semantics itself as an observer-relative optimization, even though the KB's own CLAUDE.md mandates it for exactly this reason. This is a gap in the enumeration rather than an error, but it's notable because the note is practicing the convention it omits from its list."
Grounding/Domain coverage,2,0,0,information-value-is-observer-relative.md,"The Epiplexity link claim states that epiplexity ""captures the pattern-extraction aspect (learnable structure a bounded model extracts from sequential data) but does not cover fact-level observer-relativity."" This is an accurate and honest scoping of the source. However, the note's central claim is about information value in general (patterns AND facts), and the only formal source cited (Epiplexity) covers only the pattern side. The fact side -- that prior knowledge determines whether a fact is interpretable -- is grounded only in the informal Prior Work section (relevance theory, Bayesian decision theory). The note therefore has asymmetric grounding: the pattern half has a formal theoretical anchor; the fact half has only literature gestures. This asymmetry is not acknowledged in the body (only in the Open Questions, obliquely). A reader following the Epiplexity link might overestimate how much of the note's claim is formally grounded."
Completeness/boundary,1,2,0,skills-derive-from-methodology-through-distillation.md,"The three-term taxonomy (codification, constraining, distillation) claims these are ""different operations on the same gradient,"" but the table shows codification has a medium transition while the other two do not. Two of the three share the ""No"" column for medium transition, yet the note treats all three as equidistant conceptual alternatives. A boundary case exposes the tension: a skill that is partially procedural code and partially natural language (e.g., a skill body that shells out to a Python helper to do some of its work). This sits between codification and distillation -- the note's framework has no clean place for it, and the ""gradient"" framing implies there should be one. The note's own codification source says ""codification can also be distillation"" and shows they can co-occur, which the three-row table's mutual-exclusivity framing obscures."
Grounding/Domain,1,2,0,scheduler-llm-separation-exploits-an-error-correction-asymmetry.md,"ConvexBench is cited to show ""LLMs tracking compositional depth see F1 collapse from 1.0 to 0.2 at depth 100 despite using only 5,331 tokens."" The note frames this as evidence about bookkeeping errors. But ConvexBench tests compositional mathematical reasoning (verifying convexity through nested function composition), not bookkeeping in the sense of ""counting, state tracking, list manipulation."" Determining whether a composed function preserves convexity requires applying DCP rules at each level — a task that involves semantic judgment about mathematical properties, not mere state tracking. The ConvexBench source explicitly calls this ""long-horizon reasoning capability"" as distinct from ""long-context capability."" The note uses ConvexBench to ground a claim about bookkeeping error profiles, but the source's domain is compositional reasoning, which maps more naturally to the note's own ""semantic operations"" category or to the mixed regime described in the previous finding."
Grounding alignment / inference validity,1,1,0,structure-activates-higher-quality-training-distributions.md,"The note claims that the Lampinen et al. finding -- ""chain-of-thought prompting partially restores content-independent reasoning"" -- is ""the distribution-selection effect observed directly."" But the Lampinen source does not frame CoT as distribution selection. The source frames CoT as enabling ""slow, deliberative reasoning"" analogous to dual-process System 2 engagement. The distribution-selection interpretation (CoT activates training data where rigorous reasoning was performed) is the note's own inference layered onto the source's finding. The source is compatible with this interpretation but equally compatible with the alternative that CoT works by forcing step-by-step computation that reduces errors, regardless of which training data is activated. Claiming this is the distribution-selection effect ""observed directly"" overstates the evidential support."
grounding-alignment,1,1,2,commonplace-architecture.md,"The note says ""The installation architecture spec calls for `kb/types/` to hold global types"" and links to `commonplace-installation-architecture.md`. However, that linked note places global types at `types/` (repo root), NOT `kb/types/`. The installation architecture note's tree diagrams consistently show `types/` at the repo root (both for the commonplace repo itself and for installed projects). The architecture note's claim that ""the installation architecture spec calls for `kb/types/`"" misattributes the location, which undermines the subsequent argument for why `kb/types/` should be dropped — the source never proposed `kb/types/` in the first place; it proposed root-level `types/`."
Completeness -- Costs enumeration,1,0,0,llm-context-is-a-homoiconic-medium.md,"The three hazards (scoping failures, prompt injection, discoverability) miss a boundary case: **reliability of execution**. In Lisp, evaluating a homoiconic program produces deterministic results; in LLM context, the ""execution"" of instructions is probabilistic and interpretation-dependent (the note's own KB documents this as ""semantic underspecification"" in agentic-systems-interpret-underspecified-instructions.md). A homoiconic medium where ""programs"" are unreliably executed is qualitatively different from one where they execute deterministically. This hazard does not map cleanly to any of the three listed costs -- scoping failures are about contamination, prompt injection is about hostile data, discoverability is about opacity. Unreliable execution of the ""program"" side of the shared medium is a distinct cost of LLM homoiconicity that the traditional precedents do not share."
Completeness -- Definition,1,0,0,llm-context-is-a-homoiconic-medium.md,"The note defines homoiconicity as ""the medium used to express programs is the same medium used to express the data they operate on."" The classical definition of homoiconicity is narrower: programs are represented as data structures *of the language itself*, enabling programs to inspect and transform other programs structurally (e.g., Lisp code is made of cons cells that Lisp can traverse). In LLM context, natural language tokens are the shared representation, but an LLM cannot structurally traverse or transform instructions the way Lisp traverses s-expressions -- it processes them statistically. The note's analogy captures the ""shared medium"" aspect but elides the ""structural self-manipulation"" aspect that makes homoiconicity distinctive in programming languages. This is not a fatal flaw (the analogy is productive), but readers familiar with the PL concept may find the mapping looser than the note suggests."
Completeness / Dual-audience table,1,0,0,human-llm-differences-are-load-bearing-for-knowledge-system-design.md,"The five-row table (Reasoning, Completeness, Persistence, Navigation, Nuance) claims to enumerate the needs that differ between human and LLM readers, but the boundary case of **error recovery / self-correction** is missing. When a human reader misunderstands a passage, they can re-read, re-interpret, and draw on meta-cognitive awareness (""that didn't make sense, let me try again""). An LLM processes text in a single forward pass per generation and has no equivalent of self-directed re-reading. This is a qualitatively different dimension from Completeness or Persistence — it concerns how the reader handles confusion mid-document. The table also omits **context-window competition**: a human can hold the document in peripheral awareness while consulting another source, while an LLM must pay token cost for everything simultaneously loaded. This is related to Navigation but is really about concurrent access rather than routing. The table presents as exhaustive (it is the only enumeration in Reason 2) but covers five dimensions of a space that plausibly has more."
Completeness / Failure modes,1,0,0,human-llm-differences-are-load-bearing-for-knowledge-system-design.md,"The three failure modes (naive anthropomorphism, naive mechanism-ism, audience-blind documents) leave a gap for what might be called **naive universalism** — treating all human-LLM differences as equally important regardless of the specific task or document type. The note's own methodological claim (""evaluate each human convention individually"") implies that the relevance of differences is task-dependent, but none of the three failure modes captures the error of treating differences as uniformly load-bearing. A team could avoid all three named failures and still mis-prioritize by treating the Nuance difference as equally important for a routing table as for a methodology note. This case sits between the three enumerated items without mapping cleanly to any one."
Completeness / boundary case — relaxing,1,0,0,codification-and-relaxing-navigate-the-bitter-lesson-boundary.md,"The note defines relaxing as ""replacing a codified component with a learned or general-purpose one when scale makes that viable."" The examples given (edge detection relaxed to learned features, FlashAttention as re-codification) all involve replacement at the same level of abstraction. But a common real-world pattern is partial relaxing: loosening a strict spec into a softer constraint rather than wholesale replacement. For example, a rigid three-stage pipeline might not be entirely replaced by a learned system but instead have its stage boundaries made fuzzy or optional. The note frames codify/relax as a binary toggle (""replacing a codified component""), but the constraining note it links to describes a spectrum. The binary framing obscures the gradual relaxation that is probably more common in practice than wholesale replacement."
Completeness / boundary case: structure that hinders review,1,0,0,structured-output-is-easier-for-humans-to-review.md,"The note's title-claim is unqualified: structured output is easier for humans to review. Consider the boundary case of over-structured output — a document with 15 mandatory sections, heavy cross-referencing, and rigid templates. Compliance review of such documents is notoriously harder than reviewing a well-written narrative, because the reviewer must track whether content is in the right section, whether sections are consistent with each other, and whether the structure itself is masking gaps. The note acknowledges no boundary condition or qualifier. The companion note (structure-activates-higher-quality-training-distributions) explicitly notes that ""imposing structure can degrade quality,"" which would seem to apply here too — structure that degrades content quality could also degrade reviewability."
Completeness — Consistency oracle classification,1,0,0,reliability-dimensions-map-to-oracle-hardening-stages.md,"The table says consistency ""converts interactive oracle to hard oracle via repetition."" In the oracle-strength spectrum note, an interactive oracle is defined as one where ""you can ask for feedback"" (user edits, thumbs up/down, preference pairs). Repetition of the same task and checking same-input/same-output is not asking for feedback — it is closer to manufacturing a hard oracle from a stochastic process. The ""interactive"" label for the starting oracle is a stretch; the starting point is better described as ""no oracle"" or ""soft oracle"" (you don't know whether a single run's output is correct without running it again). The mapping elides what the pre-hardening state actually is."
"Completeness — Safety as ""already a hard oracle by design""",1,0,0,reliability-dimensions-map-to-oracle-hardening-stages.md,"The note claims safety ""is the only dimension that's already a hard oracle by design: either the failure is bounded or it isn't."" But Rabanser et al. define safety via compliance (S_comp) and harm severity (S_harm), computed using LLM-based judging. The source explicitly acknowledges this introduces ""its own reliability concerns"" (Section 6, Limitations). Furthermore, harm severity uses a graded scale (low = 0.25, medium = 0.5, high = 1.0) — this is a continuous score, not a binary gate. The note's characterization (""a gate, not a gradient"") contradicts the source's operationalization, which is a weighted product of violation probability and expected severity, i.e., a gradient."
Completeness — Three Timescales,1,0,0,deploy-time-learning-the-missing-middle.md,"The note claims exactly three timescales of adaptation. Boundary case: **retrieval-augmented generation (RAG) with a continuously updated knowledge store**. A system with a vector database that is updated between sessions but not by the agent itself (e.g., by an ETL pipeline) adapts durably — the behavior changes across sessions — but not through ""symbolic artifacts"" in the sense the note intends (inspectable, diffable, testable). The note's substrate description for deploy-time learning (""symbolic artifacts ... durable, inspectable, and verifiable"") does not clearly cover opaque embedding stores or continuously updated retrieval corpora where the adaptation is durable but not fully inspectable or diffable. The linked note [learning-substrates-backends-and-artifact-forms](kb/notes/learning-substrates-backends-and-artifact-forms.md) acknowledges vector stores as a backend, but the three-timescale table in this note ties deploy-time learning specifically to properties (inspectable, verifiable) that vector-store-backed adaptation may not fully satisfy. This boundary case sits uncomfortably between ""training"" (opaque, durable) and the note's ""deploy-time learning"" (inspectable, durable)."
Completeness — Two Mechanisms,1,0,0,deploy-time-learning-the-missing-middle.md,"The note claims deploy-time learning operates through exactly ""two mechanisms — constraining and distillation."" Boundary case: **curation and deletion** — removing a note, deprecating a prompt, or pruning a skill library. The constraining note defines constraining as ""narrowing the interpretation space,"" and distillation is ""compressing knowledge so a consumer can act on it within bounded context."" Deleting an obsolete artifact changes future system behavior durably but is neither narrowing an interpretation space nor compressing knowledge. It is closer to forgetting or pruning. One could stretch ""constraining"" to cover deletion (the space of loaded artifacts narrows), but that strains the definition, which is about narrowing *interpretations of a spec*, not narrowing the artifact inventory. Similarly, reorganization (moving artifacts between directories, changing routing) changes behavior without obviously being either mechanism."
Completeness — boundary between silent disambiguation and delegated discretion,1,0,0,silent-disambiguation-is-the-semantic-analogue-of-tool-fallback.md,"The note draws a clean boundary: silent disambiguation excludes ""specs that explicitly delegate discretion."" But many real specs occupy the gray zone between explicit delegation and unacknowledged ambiguity. Consider: ""Refactor this for readability"" — the spec acknowledges that multiple approaches exist (implicit delegation), yet the user may still have a strong preference they failed to articulate. The agent picks ""extract helper functions"" when the user wanted ""rename variables."" Is this silent disambiguation (the spec didn't acknowledge the branch) or delegated discretion (the spec said ""readability,"" implicitly allowing agent choice)? The note's two-way partition (disambiguation vs. delegation) may need a third category: specs that delegate some discretion but underspecify the bounds of that delegation. The current framing could force ambiguous cases into one bin or the other without principled criteria for the classification."
Completeness — boundary case: implicit-warrant notes,1,0,0,claim-notes-should-use-toulmin-derived-sections-for-structured-argument.md,"The note advocates for an Evidence section that separates ""checkable fact"" from reasoning. Boundary case: many KB notes derive their claims from architectural reasoning or conceptual analysis rather than checkable observations (e.g., ""If the type were called `claim`, an LLM reading 'titles should be claims' would infer every note needs `type: claim`"" — this note's own reasoning is a thought experiment, not checkable evidence). When Evidence sections are filled with reasoning-from-principles rather than verifiable observations, the Evidence/Reasoning split collapses. The note's own Caveats section partly acknowledges this with the ""flow problems"" caveat, but does not address the more specific issue that the Evidence/Reasoning distinction may not carve nature at its joints for conceptual-argument notes."
Completeness — boundary case: inspectable but unstructured artifacts,1,0,0,vibe-noting.md,"The note claims ""Most knowledge work doesn't produce artifacts like that"" (stored, structured, inspectable). But many knowledge workers do produce durable artifacts — academic papers, design documents, policy memos, legal briefs. These are stored and inspectable. What they typically lack is *linkage and machine-navigable structure*, not inspectability per se. The contrast is drawn too sharply: the real gap the KB fills is not ""artifacts vs. no artifacts"" but ""linked, structured, navigable artifacts vs. isolated documents."" The note partly addresses this with ""documents nobody can navigate"" but then re-frames the KB contribution as adding ""structured, linked, readable artifacts"" as if the problem were absence rather than disconnection."
Completeness — boundary case: structured-claim portability,1,0,0,directory-scoped-types-are-cheaper-than-global-types.md,"The note claims ""The types that genuinely move are text and note"" and that everything else is directory-local. But `structured-claim` is explicitly designed to work across directories. The note's own linked source (document-types-should-be-verifiable.md) says traits and types are directory-independent, and the orthogonality note (referenced in this note's ""What moves between directories?"" section) argued that ""a structured-claim works identically in notes/, claw-design/, or anywhere."" The note acknowledges this counter-argument but only as a quote it then dismisses with ""But in practice, how many documents actually move?"" This is a rhetorical dismissal rather than a refutation. If structured-claim is genuinely portable (which the note concedes), then the claim that only text and note are portable is false by the note's own admission. The open questions section partially acknowledges this (""Does structured-claim stay global?"") but the body's assertion is stated categorically."
Completeness — boundary cases for test 3,1,0,0,reverse-compression-is-the-failure-mode-where-llm-output-expands-without-adding-information.md,"The three-test enumeration dismisses test 2 (""novelty relative to the model, not usefulness to the reader"") as ""well-defined but wrong."" However, the note's own definition of reverse-compression in its final heuristic asks whether the note ""make[s] structure accessible that wasn't before"" for ""an agent or human with access to this KB and general training knowledge."" When the intended reader IS an LLM agent (the primary consumer per the KB's own framing), tests 2 and 3 substantially converge — what's derivable from training knowledge and what's already accessible to a model-reader are nearly the same thing. The note does not address this convergence, which weakens the claimed sharp distinction between tests 2 and 3. The gap matters most for the human-reader case, but the note does not restrict scope to human readers."
Completeness — boundary zone,1,0,0,ephemerality-is-safe-where-embedded-operational-knowledge-has-low-reach.md,"The three-zone taxonomy (low-reach, boundary, high-reach) is presented as a ""cleaner prediction,"" but the boundary zone definition — ""tools that start local but pick up users, persistent state, integrations, or compliance obligations"" — is essentially a restatement of Kirsch's original barriers (state, integrations, interface stability, auditability) rather than a prediction derived from reach. The reach framing is supposed to improve on listing barriers, but the boundary zone reverts to listing the same barriers. This undermines the claim that reach provides a ""cleaner prediction"" than Kirsch's original categories."
Completeness — claim 7,1,0,0,execution-indeterminism-is-a-property-of-the-sampling-process.md,"The note defines indeterminism as ""variation in how a chosen interpretation is executed, not variation in which interpretation is chosen."" The parent note (agentic-systems-interpret-underspecified-instructions) explicitly acknowledges the two are not fully separable: ""The two are not entirely orthogonal — indeterminism is the mechanism by which different interpretations get surfaced across runs."" Temperature changes can shift which interpretation the model selects (the parent note: ""Lowering temperature concentrates the sampling distribution — which can change *which interpretation* you see, not just how noisily you see it""). The reviewed note's clean separation of ""how"" vs. ""which"" overstates the boundary. At non-zero temperature, a single run's sampling path can cross interpretation boundaries — the variation is not purely within one interpretation but can surface different interpretations. The note's framing as pure ""engineering noise"" is a useful simplification but elides the coupling the parent note takes care to acknowledge."
Completeness — cost asymmetry,1,0,0,brainstorming-how-reach-informs-kb-design.md,"The claim that cost is ""inversely related to reach"" presents only two cases (low-reach mechanical changes, high-reach silent breakage). The medium-reach case is missing. Medium-reach changes (e.g., revising ""title-as-claim"" from a convention to a different approach) would affect many notes in ways that are neither purely mechanical nor fully invisible — some links would break syntactically and others would break semantically. This middle case would test whether the inverse relationship is really a smooth gradient or a bimodal distribution, and the note doesn't address it."
Completeness — decorrelation strategies,1,0,0,error-correction-works-above-chance-oracles-with-decorrelated-checks.md,"The four decorrelation strategies (vary prompt, vary model, metamorphic transformations, orthogonal check dimensions) are presented as a list without an explicit claim of exhaustiveness, but the framing (""Decorrelation strategies must actively disrupt the sources of correlation"") implies coverage of the strategy space. A missing strategy: **varying the decision threshold or acceptance criterion**. If the oracle's accept/reject boundary is shifted (e.g., stricter criteria on some checks, looser on others), different checks will make errors on different instances even with the same model and prompt. This is a standard technique in ensemble methods (diversity via decision boundary perturbation). It sits between ""vary the prompt"" and ""orthogonal check dimensions"" but is not clearly covered by either. The note's list is reasonable as a practical guide but may mislead readers into thinking decorrelation requires changing the input or the model, when changing the criterion also works."
Completeness — initiative gradient,1,0,0,knowledge-storage-does-not-imply-contextual-activation.md,"The initiative gradient (artifact > operational > systemic) is presented as a consistent empirical finding, but the note's own evidence source (the-bug-that-shipped) tests only coding/deployment scenarios. The note claims ""this gradient appears consistent across domains, though the specific failure families differ"" but provides no evidence or argument for cross-domain consistency. The open questions section asks whether it holds in non-technical domains, which is appropriate, but the body text's ""appears consistent"" asserts more than the evidence supports. The gradient is plausible as a hypothesis about cue proximity, but it could invert in domains where systemic concerns are more salient than artifact-level ones — e.g., in legal or medical contexts where practitioners are trained to think systemically first."
Completeness — reach spectrum,1,0,0,brainstorming-how-reach-informs-kb-design.md,"The three-level spectrum (high/medium/low) maps cleanly to the examples given but the note does not define the criterion that separates the levels. The examples suggest ""scope of applicability"" (across agent systems / across a class of KBs / this installation), but this is never stated as a definition. As a result, the boundary between medium and low is especially porous: ""short composable notes"" is classified as medium-reach, but one could argue it applies to any knowledge system that needs to compose under bounded context (making it high-reach), or that it is a specific architectural choice for file-based KBs (making it low-reach). Without a grounding definition, the spectrum is illustrative rather than analytic."
"Completeness — the ""identical"" observability claim is stronger than the analogy supports",1,0,0,silent-disambiguation-is-the-semantic-analogue-of-tool-fallback.md,"The note claims the observability failure is ""identical"" between tool fallback and semantic disambiguation. But the tool-fallback note (apparent-success-is-an-unreliable-health-signal) describes a three-way outcome compression (primary-path success / fallback success / hard failure) and proposes two concrete remedies (synchronous reporting and asynchronous log observation). Semantic disambiguation has a structurally different detection problem: tool failures leave traces in logs (error messages, changed tool calls), while semantic disambiguation leaves no operational trace at all — the agent simply proceeds as if the spec were unambiguous. ""Identical"" observability failure would mean the same detection mechanisms apply, but the tool-fallback note's remedies (log scanning, degraded-execution reporting) presuppose a detectable event. Silent semantic choices may require different mechanisms (e.g., requiring the agent to narrate interpretation choices, as the Augment bidirectional spec does). The analogy holds at the structural level (success hides a gap), but ""identical"" overstates the operational similarity."
Completeness: boundary case -- pre-loaded context without iteration,1,0,0,in-context-learning-presupposes-context-engineering.md,"The note claims context engineering ""improves over deployment time"" (claim 5) and that this improvement is what makes it learning. Boundary case: a team writes a system prompt once at launch and never changes it. The system prompt provides context engineering (routing, loading) but exhibits no learning -- no iteration, no artifact evolution. The note conflates two claims: (a) in-context learning requires context selection machinery, and (b) that machinery improves over time. Claim (a) is strong; claim (b) is an empirical regularity that needn't always hold. A static but well-designed context engineering setup would satisfy (a) without (b), which undermines the ""relocated learning"" argument for that case."
Completeness: boundary case -- trivial in-context learning,1,0,0,in-context-learning-presupposes-context-engineering.md,"The note claims ""in-context learning only works when the right knowledge is already in the window"" (claim 3) and that context engineering is the machinery that ensures this. Boundary case: a user directly pasting their own data into a chat prompt (e.g., ""here is my CSV, analyze it""). In this case, in-context learning works and the ""routing, loading, scoping, maintenance"" machinery played no role -- the human performed a trivial selection without any engineered system. The note's claim holds for *agentic systems* but the note doesn't scope itself to agentic systems. The title claim -- ""in-context learning presupposes context engineering"" -- is too broad if it includes cases where humans manually supply all relevant context."
Grounding -- Domain coverage,1,0,0,llm-context-is-a-homoiconic-medium.md,"The note's link to methodology-enforcement-is-constraining.md is described as ""grounds: the constraining gradient from instruction to script imposes structural boundaries that the homoiconic medium itself cannot provide."" The linked note discusses enforcement layers (instructions, skills, hooks, scripts) as a constraining gradient for *methodology*, grounded in the semantic-underspecification framework from agentic-systems-interpret-underspecified-instructions.md. It does not frame these layers as responses to homoiconicity specifically -- it frames them as responses to underspecification and indeterminism. The homoiconic-medium note treats the constraining gradient as a consequence of homoiconicity, but the source note treats it as a consequence of underspecification. These are related but distinct framings: underspecification exists whether or not the medium is homoiconic (a typed API can still accept underspecified natural language instructions). The ""grounds"" link overstates the alignment."
Grounding -- domain coverage,1,0,0,memory-management-policy-is-learnable-but-oracle-dependent.md,"The note uses the bitter-lesson boundary to frame AgeMem's architecture: ""the operations are the calculator part (specifiable, deterministic), while the composition policy is the vision-feature part (learnable, benefits from scale)."" The bitter-lesson note's core distinction is whether ""the specification fully captures the problem."" The note applies this by saying memory operations are fully specified (calculator) while the policy is not (vision feature). But AgeMem's operations are not fully specified in the bitter-lesson sense -- they are hand-crafted tools with designed interfaces, which is different from specifications that ARE the problem (like multiplication). ""Add a key-value pair"" is a human-designed interface to memory, not a formal specification of what memory storage IS. The operations are closer to the vision-feature side than the note acknowledges -- they are a theory of what memory operations look like, not a definition. The bitter-lesson note's own chess example is instructive: the rules of chess are the arithmetic part because they define legal play, not because they are hand-crafted tools. AgeMem's six tools define an API, not the problem."
Grounding / Domain coverage,1,0,0,discovery-is-seeing-the-particular-as-an-instance-of-the-general.md,"The link to ""information value is observer-relative"" is annotated ""grounds: the recognition cost hierarchy maps to computational bounds on structure extraction."" The information-value note does discuss extraction cost and bounded observers, and it does reference back to this discovery note: ""Discovery cost is observer-relative but not easily optimized — the data from which a connection could be inferred is present before anyone sees it, but extracting the pattern requires computation that scales with abstraction depth."" However, the information-value note's framework is about *observer-relative value* (prior knowledge, computational capacity, tools, goals). The discovery note's recognition cost hierarchy is about *depth of abstraction* (surface vs structural vs generative). These are related but not the same: recognition cost could be observer-relative (a domain expert recognizes structural similarity cheaply), but the discovery note presents it as an intrinsic property of depth levels (""surface similarity: cheap... structural similarity: expensive""), not as observer-relative. The grounding claim is partially valid (the information-value note mentions this note's hierarchy) but the relationship is more accurately ""extends"" or ""consistent with"" than ""grounds,"" since the information-value framework would actually complicate the discovery note's cost hierarchy by making it observer-dependent rather than depth-dependent."
Grounding / Harness Engineering source,1,0,0,human-llm-differences-are-load-bearing-for-knowledge-system-design.md,"The Relevant Notes section claims Harness Engineering ""extends: 'codebase optimized for Codex's legibility first' is the extreme endpoint of dual-audience design — human readability as secondary to agent readability."" However, reading the ingest, the Lopopolo report describes a codebase where *no human writes code* and agents are the sole producers and primary consumers. This is not a dual-audience case — it is a single-audience case where the audience question has been resolved by eliminating one audience from the production loop. Calling it ""the extreme endpoint of dual-audience design"" stretches the dual-audience framework: if one audience is removed, the tension the note describes (optimizing for both) does not arise. The source is better described as validating the note's claim that audience awareness matters (they made an explicit choice), but the relationship label ""extends"" overstates alignment with the dual-audience frame."
Grounding / Scope mismatch,1,0,0,capability-placement-should-follow-autonomy-readiness.md,"The note claims ""Capability placement is a separate decision from AGENTS.md control-plane design,"" but the parent note (agents-md-should-be-organized-as-a-control-plane.md) already includes capability inventories in its exclusion rules (line 93: ""capability inventories (injected or non-injected)"") and discusses lifecycle guidance (section ""Lifecycle of guidance,"" lines 98-108) that covers the same progression this note formalizes. The parent note treats capability placement as a consequence of the control-plane model, not a separate decision. This note reframes it as independent, but the linked source treats it as derived. The relationship annotation says ""isolates the separate decision rule,"" but the source material suggests the rule was already embedded, not separate."
Grounding / domain coverage,1,0,0,document-classification.md,"The note claims that `note` ""defines the shared fields (description, status, traits, areas)"" but when checking types/note.md, the global fields listed there are: `description`, `type`, `traits`, `tags`, and `status`. The note says ""areas"" but the actual spec says ""tags."" This is a vocabulary mismatch — `areas` was likely the old name for what is now `tags`. The attribution does not match the source."
Grounding / domain coverage — Finzi et al.,1,0,0,codification-and-relaxing-navigate-the-bitter-lesson-boundary.md,"The note claims ""High-epiplexity regularities are genuinely structural — codifying them is safer because they reflect real patterns, not artefacts of the observer's computational budget."" The epiplexity paper defines epiplexity as learnable structure extractable by a computationally bounded observer. But it does not address codification, safety of encoding patterns, or the distinction between arithmetic-regime and vision-feature specs. The note's inference chain — high epiplexity means genuinely structural, therefore safer to codify — bridges two domains that the source does not connect. Epiplexity measures extractable structure in data for a given computational budget; it does not predict whether extracted structure will survive scaling by a different, more powerful observer. A high-epiplexity pattern (learnable at current compute) could still be a vision feature that a larger-compute observer would supersede with a better decomposition. The note presents this as if the source grounds the codification-safety claim, but the source grounds only the ""genuinely structural vs artefact"" distinction within a fixed computational bound."
Grounding / scope mismatch — Ebrahimi et al.,1,0,0,codification-and-relaxing-navigate-the-bitter-lesson-boundary.md,"The note claims that the induction bias results show ""codification bets in the arithmetic regime are not merely safe-for-now; the step-by-step structure that codification encodes is the kind of regularity that persists under scaling."" The source studies data efficiency of architectural induction bias (recurrent vs transformer) on synthetic algebraic state-tracking tasks (modular addition, permutation composition) using small fixed-size models. It does not test whether the advantage persists under model scaling (more layers, larger dimensions), and the authors explicitly acknowledge this limitation. The note's upgrade from ""architectural induction bias is efficient for algebraic tasks at tested scales"" to ""codification bets persist under scaling"" is the note's own inference, not an attribution. The ingest file's limitations section specifically flags this: ""this leaves open the possibility that the data-efficiency gap narrows with scale — which would be exactly the bitter lesson's prediction."""
Grounding alignment / vocabulary mismatch,1,0,0,structure-activates-higher-quality-training-distributions.md,"The note says ""Structured templates work by the same mechanism: they reorder and partition the generation task so that at each point, the model's bounded computation can extract more structure from its training distribution"" (para 4). The epiplexity source never discusses inference-time context, prompt templates, or generation tasks. Its ""data ordering"" result is about the order in which training examples are presented to a learner, not about how structured sections in a prompt affect autoregressive token prediction. The note's use of ""the same mechanism"" asserts an identity between training-time data ordering and inference-time context structure that the source does not establish."
Grounding alignment — Harness Engineering link,1,0,0,agent-statelessness-means-the-context-engine-should-inject-context-automatically.md,"The Relevant Notes section claims the Harness Engineering source ""extends auto-injection from documents to runtime state."" The source (harness-engineering-leveraging-codex-agent-first-world.ingest.md) describes dynamic observability via DevTools Protocol — wiring metrics, logs, and spans into the agent's context. This is indeed providing context the agent did not request, but the mechanism is fundamentally different: it is runtime telemetry pushed into context, not document references resolved at load time. Calling this an extension of ""auto-injection"" conflates two distinct operations (document reference resolution vs. runtime state observation) under a single label. The ingest itself uses more cautious language: ""extends automatic context injection beyond documents to runtime state — a dimension the note does not yet cover."" The note's link description drops the ""dimension the note does not yet cover"" qualifier."
Grounding alignment — affordance table,1,0,0,claim-notes-should-use-toulmin-derived-sections-for-structured-argument.md,"The note claims ""Types mark affordances lists `claim` affordances as: verify, gather evidence, challenge, use as assumption"" and attributes this to the linked note `instructions-are-typed-callables.md`. That note does not contain an affordance table with those four operations. It mentions that ""a `structured-claim` affords verification"" in passing and has a skill-signature table (ingest, connect, validate, convert), but no enumeration of claim-specific affordances. The four operations (verify, gather evidence, challenge, use as assumption) appear to be the reviewed note's own inference, not an attribution from the source. This makes one of the ""three independent threads"" of evidence weaker than presented — the thread is the note's own analysis, not something the source arrived at independently."
Grounding alignment — arscontexta quote,1,0,0,traversal-improves-the-graph.md,"Claim 10 directly quotes arscontexta: ""The agent gets better at navigating the graph. And the graph gets better at being navigated."" The source is an external GitHub URL (`raw.githubusercontent.com/agenticnotetaking/arscontexta/...`). The local arscontexta instance referenced in the related-systems note is described as stale. I was unable to verify this quotation against the source text. If the quote is a paraphrase rather than a verbatim extraction, it should not be in quotation marks. Worth verifying by the author."
Grounding alignment — attribution accuracy,1,0,0,areas-exist-because-useful-operations-require-reading-notes-together.md,"The ""Distilled into"" footer states: ""[WRITING.md](../instructions/WRITING.md) — area assignment rules, lifecycle split threshold, and areas field description."" WRITING.md contains none of these three items. The distillation link claims a downstream relationship that does not hold; either the distillation was undone when WRITING.md migrated to tags, or it never occurred."
Grounding alignment — domain drift,1,0,0,areas-exist-because-useful-operations-require-reading-notes-together.md,"The entire ""Conventions that follow"" section (claims 11-14) prescribes rules for an `areas:` frontmatter field that no longer exists in the system. ADR 004 (status: proposed, 2026-03-13) replaces `areas:` with freeform `tags:` and explicitly lifts several constraints this note establishes — the parent/child prohibition, the single-area default, the ~40 note split pressure. The note's conventions section describes a system state that has been superseded. Readers encountering this note will receive guidance that contradicts current WRITING.md and ADR 004."
Grounding alignment — epiplexity scope,1,0,0,reverse-compression-is-the-failure-mode-where-llm-output-expands-without-adding-information.md,"The note claims ""Epiplexity — epistemic complexity extractable by a bounded observer — formalizes test 3."" However, the epiplexity paper (ingest) defines epiplexity as learnable structural patterns extractable from sequential data under computational bounds — it measures structure in data distributions, not the broader notion of ""usefulness to a reader"" that test 3 describes. Test 3 asks whether the body ""make[s] structure accessible to the *reader* that wasn't before,"" which includes factual content, surprising juxtapositions, and audience-specific relevance — dimensions the epiplexity formalism does not cover. The information-value-is-observer-relative note itself flags this gap in its open questions: ""Observer-relativity applies to both patterns (require computational depth to extract) and facts (require prior knowledge to interpret). Are these the same phenomenon or two phenomena that share a surface shape?"" The note treats epiplexity as fully formalizing test 3, but the formalization covers the pattern-extraction subset, not the full space of ""adding information for a bounded observer."""
Grounding alignment — link semantics as warrants,1,0,0,claim-notes-should-use-toulmin-derived-sections-for-structured-argument.md,"The note states ""Link semantics using 'since' and 'because' encode warrants"" (Evidence item 1), attributing this to the title-as-claim note. The title-as-claim note describes ""since"" and ""because"" as link semantics that encode causal and foundational relationships, and separately in its Relevant Notes section describes Toulmin as ""the theory behind what this note describes."" However, the title-as-claim note's body text never uses the term ""warrant"" to describe what ""since""/""because"" encode — the warrant framing is only in the footer link annotation, which was likely written after this structured-claim note existed. The Toulmin mapping (link semantics = warrants) may be more the reviewed note's retroactive reading than something the title-as-claim note itself arrived at independently, weakening the ""three independent threads"" convergence claim."
"Grounding alignment — scope mismatch with ""document types should be verifiable""",1,0,0,agent-statelessness-means-the-context-engine-should-inject-context-automatically.md,"The note claims to extend the document affordances concept: ""This extends document affordances from 'what operations can I perform on this document' to 'what context gets loaded alongside this document.'"" The linked source (document-types-should-be-verifiable.md) defines affordances as what the *processor* (agent) can do with a document — ""types guide what the processor can do with the document."" The extension to ""what context gets loaded alongside"" is not an affordance of the document type in the source's sense; it is a behavior of the context engine triggered by the type. The source discusses types as navigation hints the agent reads before opening a document; the note repurposes ""affordance"" to mean automatic side-effects of loading. The inference is plausible but the vocabulary shift could mislead readers into thinking the source already contemplates injection-style affordances when it does not."
"Grounding alignment — scope of ""scoping benefits""",1,0,0,specification-level-separation-recovers-scoping-before-it-recovers-error-correction.md,"The note claims OpenProse-style systems ""recover some of the scoping benefits described in [LLM context is composed without scoping]."" The scoping note identifies several distinct benefits: isolation via sub-agents (lexical scoping), prevention of spooky action at a distance, avoidance of name collision, and the ability to reason locally. Specification-level separation as described here — naming control flow, marking discretion, externalising state into files — plausibly addresses externalisation (moving state out of the conversation) and some frame-boundary clarity, but does not provide the sub-agent isolation that the scoping note identifies as ""the one place where real isolation is achievable."" The note does not distinguish which scoping benefits are recovered and which are not, risking an overstatement of what specification-level separation delivers relative to its cited source."
Grounding – domain coverage,1,0,0,constraining-during-deployment-is-continuous-learning.md,"The note claims that developer behaviors documented in the Huang et al. study — ""developers iteratively refine prompts, tools, and workflows based on deployment experience"" — constitute ""continuous learning through constraining."" But the ingest note for that source explicitly warns: ""Strategies described, not evaluated"" and ""Single 45-minute observation window."" The study captures cross-sectional snapshots of developer practices, not longitudinal evidence of durable capacity change accumulating over time. Simon's definition requires ""more or less permanent change in capacity"" — a single observation session cannot establish permanence. The note treats ""developers do X"" as evidence for ""X is continuous learning,"" but the cited source does not actually show the accumulation or persistence of the artifacts it describes. The inference from observed behavior to continuous learning is plausible but unsupported by the cited evidence specifically."
"Grounding — ""most valuable property""",1,0,0,brainstorming-how-reach-informs-kb-design.md,"The note claims ""Reach is the most valuable property a note can have."" The linked source ""A good agentic KB maximizes contextual competence"" explicitly identifies a tension between reach and action value (section ""Tension: reach vs action value""): ""An action-oriented system needs preferences, procedures, and judgment precedents — knowledge types that are inherently low-reach (context-specific) yet high-value for action."" That source resolves the tension by saying reach is not strictly the most valuable property but rather the most context-efficient one under bounded context. The brainstorming note's unqualified superlative (""most valuable"") overstates what the linked source supports."
Grounding — CoT as content-bias decorrelation,1,0,0,error-correction-works-above-chance-oracles-with-decorrelated-checks.md,"The note claims ""Chain-of-thought prompting partially achieves this [decorrelation] by improving performance on abstract/unfamiliar conditions without degrading familiar ones, suggesting that process structure can serve as a content-bias decorrelation mechanism."" The Lampinen et al. source does show CoT improves abstract/unfamiliar performance, but it does not test or discuss CoT as a *decorrelation* mechanism across multiple checks. The source shows CoT reduces content bias *within a single pass* (improving accuracy on hard conditions). The note's inference — that this implies decorrelation *between repeated checks* — is a substantial leap. Reducing bias in a single oracle and decorrelating errors across multiple oracle instances are different properties. A less biased oracle is better (higher TPR-FPR gap), but it is not necessarily more decorrelated from other oracles using the same CoT prompt. The note labels the link as ""speculative"" in the Relevant Notes section, but the body text presents it without that qualifier."
"Grounding — Discrimination ""stagnant""",1,0,0,reliability-dimensions-map-to-oracle-hardening-stages.md,"The note says ""The paper finds calibration improving but discrimination stagnant."" Rabanser et al. actually report a more nuanced finding: ""discrimination trends diverge across benchmarks: on tau-bench it has generally improved in recent models, whereas on GAIA it has in fact mostly worsened."" Calling this ""stagnant"" collapses a divergent finding (improved on one benchmark, worsened on another) into a single characterization. ""Stagnant"" understates the GAIA worsening and erases the tau-bench improvement."
Grounding — Double-Loop Learning,1,0,0,deploy-time-learning-the-missing-middle.md,"The note claims ""Deploy-time learning is double-loop learning for agent systems — constraining revises the rules, not just the outputs."" Argyris & Schon's double-loop learning specifically involves questioning and modifying the governing variables (norms, policies, objectives) that frame decision-making, as opposed to single-loop learning which adjusts actions within existing frames. Much of the verifiability gradient — structured output schemas, prompt tests, deterministic modules — looks more like single-loop learning: the system gets better at executing within established frames. Only some constraining acts (e.g., revising the fundamental structure of a prompt, changing what the system is *trying to do*) qualify as double-loop. The blanket equation ""deploy-time learning is double-loop learning"" overstates the mapping; deploy-time learning *includes* double-loop learning but also includes plenty of single-loop hardening."
Grounding — MAKER and consistency,1,0,0,reliability-dimensions-map-to-oracle-hardening-stages.md,"The note says MAKER ""demonstrates what happens when you take this seriously for consistency."" But MAKER does not address consistency as Rabanser et al. define it (same input, same output across runs). MAKER addresses correctness — achieving zero errors across a million steps. The MAKER system itself is stochastic (temperature > 0, voting across samples) and its consistency across runs is not evaluated. The note silently shifts ""consistency"" from the Rabanser definition (repeatability) to a different sense (reliable correctness through voting). This vocabulary mismatch risks readers thinking MAKER demonstrates Rabanser-consistency when it demonstrates correctness via error correction."
Grounding — SECI Mapping,1,0,0,deploy-time-learning-the-missing-middle.md,"The note claims ""Constraining and distillation map to externalization and combination phases"" of Nonaka & Takeuchi's SECI spiral. The SECI spiral has four phases: Socialization (tacit-to-tacit), Externalization (tacit-to-explicit), Combination (explicit-to-explicit), and Internalization (explicit-to-tacit). The note maps constraining and distillation to only two of four phases, which is fine — but the mapping itself is questionable. Distillation (compressing explicit knowledge for a bounded consumer) maps more naturally to *Combination* (recombining explicit knowledge into new forms). Constraining (narrowing interpretation space by adding structure) is arguably *Externalization* (making tacit understanding of ""what we actually mean"" explicit in schemas, tests, code). However, the note says ""constraining and distillation map to externalization and combination"" without specifying which maps to which, and the unstated implication that the mapping is clean deserves scrutiny. Additionally, the note self-flags this citation as unsystematic (the TODO on line 92), which is appropriate."
Grounding — Slate attribution,1,0,0,session-history-should-not-be-the-default-next-context.md,"The note states: ""From the public description, workers return episodes — compressed representations of what happened during a bounded action. These are not raw transcripts, so they fit the anti-transcript argument."" The Slate ingest (slate-moving-beyond-react-and-rlm.ingest.md) confirms that episodes are compressed, but the ingest's own Limitations section warns: ""Compression quality is assumed, not demonstrated. The entire architecture depends on episodes being good enough summaries... No evidence is provided that their compression is better."" The note does acknowledge uncertainty about episode policy (""What we cannot tell from public evidence is the policy around episodes""), but the earlier sentence ""they fit the anti-transcript argument"" treats compression quality as sufficient to support the note's claim, when the source itself flags this as unvalidated. The note's hedging is in the right place but the affirmative sentence preceding it makes an unhedged claim that the source does not support."
Grounding — claim 15,1,0,0,execution-indeterminism-is-a-property-of-the-sampling-process.md,"The note claims Ma et al. provides ""cleanest empirical separation of indeterminism from underspecification: by varying prompt framing (emotion/personality) while holding task constant, they isolate the effect of interpretation choice from run-to-run sampling noise."" This is a scope mismatch. Ma et al. vary prompt *style* (emotional tone, personality), not task specification. What they isolate is the effect of surface framing variation on performance — which the paper itself frames as ""prompt sensitivity"" and ""stability,"" not as an indeterminism-vs-underspecification separation. The paper's methodology (16 samples per prompt at temperature=0.2) does measure within-prompt sampling variation, but the paper's primary finding is about cross-variant performance differences, not about cleanly separating the two phenomena the KB taxonomy defines. The mapping from the paper's concepts to the KB's taxonomy is the ingest note's interpretation, not the paper's own framing. This is a reasonable inference but presented as attribution."
Grounding — claim count mismatch with document-classification.md,1,0,0,directory-scoped-types-are-cheaper-than-global-types.md,"The note states ""the document classification spec defines seven global base types: text, note, structured-claim, spec, review, index, adr."" The actual document-classification.md lists exactly seven rows in its base types table, so the count is correct. However, the note frames these as types that are all ""loaded every session whether relevant or not."" But document-classification.md itself has already been updated to acknowledge directory-scoped types: ""The type field is a free-form string. The table below lists the common values; directory-scoped types/ folders document the structural expectations for each."" The source already accommodates directory-local definitions — the note frames the source as more rigid than it currently is."
"Grounding — domain coverage, Rabanser et al.",1,0,0,operational-signals-that-a-component-is-a-relaxing-candidate.md,"The note interprets R_prompt findings as ""evidence that paraphrase brittleness is a measurable and prevalent signal — exactly what you'd expect if many agent components encode theories about input format rather than specifications of meaning."" Rabanser et al.'s study is about agent-level prompt robustness (rephrasing whole task instructions), not about individual component-level theory detection. The source measures whether agents handle semantically equivalent task reformulations, which is about agent behavior, not about identifying which components within a system encode theories vs. specifications. The note's inference — from ""agents are brittle to prompt rephrasings"" to ""this shows components encode theories about input format"" — crosses a level of analysis (agent-level measurement to component-level diagnosis). The source does not discuss the bitter lesson boundary, theory/spec distinctions, or component-level relaxing decisions."
Grounding — scope mismatch with why-directories-despite-their-costs.md,1,0,0,directory-scoped-types-are-cheaper-than-global-types.md,"The note cites why-directories-despite-their-costs.md as supporting the idea that ""directories already carry local conventions; this note proposes making that load-bearing for types."" However, the directories note contains an explicit section titled ""Types and directories are orthogonal"" which directly argues the opposite: ""If types depended on directories, you'd need to redefine types whenever someone creates a new subdirectory."" and ""The document classification system should work across any directory structure."" The cited source actively opposes the proposal this note makes. The note is borrowing the directories note's observation about local conventions while ignoring its explicit argument that types should NOT be directory-scoped. This is selective attribution."
"Grounding — scope mismatch, Ma et al.",1,0,0,operational-signals-that-a-component-is-a-relaxing-candidate.md,"The note claims: ""Their finding that smaller models can achieve superior stability (Qwen-1.5B highest AUC-E) supports the interpretation that brittleness detects badly-fitting theories rather than capacity limitations."" The ingest file's own Curiosity Gate section challenges this interpretation: ""distilled models learn a narrower repertoire of solutions, so there is less variation to express. If the model only knows one way to solve a problem regardless of how you ask, it looks 'stable' without actually being robust in any deep sense."" The ingest also notes Ma et al. provide ""no causal mechanism for the non-monotonic scaling finding."" The note's interpretation (brittleness = badly-fitting theory, not capacity limitation) is one possible reading, but the source is consistent with an alternative reading (stability-through-simplicity, not stability-through-understanding) that would undermine the inference. The note presents the interpretation without acknowledging this ambiguity."
Grounding/Attribution,1,0,0,scheduler-llm-separation-exploits-an-error-correction-asymmetry.md,"The note says MAKER faces ""~99.8% per-step accuracy before correction."" The MAKER source (Section 4.2, Figure 6a) reports per-step error rates that vary by model: gpt-4.1-mini at temperature 0.1 has 1-p = 0.0022 (99.78% accuracy), but other models range from gpt-4.1-nano at 1-p = 0.3571 (64.3% accuracy) to llama-3.2-3B at 1-p = 1.0 (0% accuracy). The ""~99.8%"" figure is specifically the best-performing configuration tested, not a general property of MAKER or of bookkeeping tasks done by LLMs. The note presents it without this qualification, which could mislead readers into thinking bookkeeping tasks generically achieve near-perfect per-step accuracy with LLMs."
Grounding/domain coverage,1,0,0,skills-derive-from-methodology-through-distillation.md,"The note claims the agent-statelessness note uses ""compiled vs. source"" as a metaphor and that ""compilation implies a phase transition (source code to binary) that doesn't happen here."" But the agent-statelessness note's ""source vs. compiled"" section is explicitly about a maintenance discipline (""methodology notes are source code; skills, routing tables, type templates, and naming conventions are compiled artifacts""), not about the metaphysics of medium transitions. The agent-statelessness note doesn't claim a phase transition is happening -- it uses ""compiled"" to mean ""derived artifacts that must stay in sync with source."" The reviewed note attributes a stronger claim to the source than the source actually makes, in order to then correct it."
Grounding/scope mismatch,1,0,0,skills-derive-from-methodology-through-distillation.md,"The note claims constraining is about ""narrowing the output distribution"" (claim 3), but the constraining.md source defines it as ""narrows the space of valid interpretations an underspecified spec admits."" These are different things: output distribution is a statistical property of LLM sampling; interpretation space is a semantic property of specifications. The note's characterization is a simplification that makes constraining easier to distinguish from distillation, but readers who follow the link will find a different (and broader) definition. The constraining note itself explicitly says distillation and constraining are ""orthogonal"" and provides a 2x2 matrix showing they can co-occur -- the reviewed note's framing of constraining as merely a ""side effect"" of distillation understates the source's own framework."
Grounding: Amodei attribution,1,0,0,in-context-learning-presupposes-context-engineering.md,"The note says Amodei ""treats in-context learning as a given capability"" and that his argument presupposes context engineering without acknowledging it. But the ingest source (Limitations section, point 3) explicitly notes that Amodei is talking about *model-level* capability while the KB is about *system-level* adaptation, and that ""Amodei doesn't address this layer, so his dismissal doesn't apply to it."" The note's central rhetorical move -- that Amodei's position implicitly requires context engineering -- treats Amodei's silence on the system layer as an oversight in his argument, when a fairer reading is that he simply wasn't making a claim about the system layer at all. The note frames this as ""he relocated learning"" (claim 9), which imputes an unintended consequence to Amodei's position. This is a valid analytical move but should be flagged: the note is constructing a dependency that Amodei's argument neither asserts nor denies, then presenting it as if Amodei's own logic entails it."
Grounding — vocabulary,0,11,0,,
Consistency,0,6,20,,
Grounding — vocabulary mismatch,0,5,0,,
internal-consistency,0,4,9,,
Grounding alignment — vocabulary,0,3,0,,
Internal consistency — definition drift,0,3,1,,
Completeness -- Precedents,0,2,0,,
Grounding — attribution,0,2,4,,
Grounding — inference validity,0,2,0,,
completeness-boundary,0,2,0,,
internal consistency,0,2,8,,
Boundary,0,1,0,,
"Completeness / boundary case — ""every codification is a bet""",0,1,0,,
Completeness / boundary case — between enumerated items,0,1,0,,
Completeness / boundary case — simplest instance,0,1,0,,
Completeness / boundary case — the simplest possible instance,0,1,0,,
Completeness / boundary case: review of non-argumentative content,0,1,0,,
Completeness — Boundary case: hardening without moving on the oracle spectrum,0,1,0,,
Completeness — Boundary case: overlapping dimensions,0,1,0,,
Completeness — Failure Modes,0,1,0,,
Completeness — Graphiti boundary,0,1,0,,
Completeness — Verifiability Table,0,1,0,,
Completeness — adjacent concept,0,1,0,,
Completeness — between-items case,0,1,0,,
Completeness — boundary between silent disambiguation and interpretation error is porous in practice,0,1,0,,
Completeness — boundary case: audience-dependent classification,0,1,0,,
Completeness — boundary case: cleanup that generates entropy,0,1,0,,
Completeness — boundary case: conflicting definitions,0,1,0,,
Completeness — boundary case: correct but unoriginal synthesis,0,1,0,,
Completeness — boundary case: index type,0,1,0,,
Completeness — boundary case: injection depth,0,1,0,,
Completeness — boundary case: inspectable but not structured,0,1,0,,
Completeness — boundary case: low-entropy generation,0,1,0,,
Completeness — boundary case: notes with mixed argument shapes,0,1,0,,
Completeness — boundary case: on-demand loading already exists,0,1,0,,
Completeness — boundary case: resumability,0,1,0,,
Completeness — boundary case: the reviewed note itself,0,1,0,,
Completeness — claim 13,0,1,0,,
Completeness — claim 4,0,1,0,,
Completeness — claim 5,0,1,0,,
Completeness — expertise gap,0,1,0,,
Completeness — heuristics,0,1,0,,
Completeness — missing boundary case,0,1,0,,
Completeness — no treatment of severity or frequency,0,1,0,,
Completeness — oracle construction methods,0,1,0,,
Completeness — prior work,0,1,0,,
Completeness — reach and retrieval,0,1,0,,
Completeness — scaling law boundary,0,1,0,,
"Completeness — the ""imported constants"" analogy",0,1,0,,
Completeness/boundary case,0,1,0,,
Completeness: four-operation enumeration,0,1,0,,
"Consistency — ""Not a Training Paradigm"" vs. OpenClaw-RL",0,1,0,,
Consistency — implicit dependency,0,1,0,,
Consistency — unresolved tension,0,1,0,,
Consistency/definition-drift,0,1,0,,
Grounding / Context Engineering OSS source,0,1,0,,
Grounding / Domain,0,1,0,,
Grounding / Vocabulary,0,1,0,,
Grounding / design-methodology note,0,1,0,,
Grounding / vocabulary — Finzi et al.,0,1,0,,
Grounding alignment / vocabulary,0,1,0,,
"Grounding alignment — ""named but not hardened""",0,1,0,,
Grounding alignment — Toulmin source coverage,0,1,0,,
Grounding alignment — human-LLM differences link,0,1,0,,
Grounding alignment — link-contracts-framework,0,1,0,,
Grounding alignment — oracle-strength-spectrum,0,1,0,,
Grounding alignment — scheduling model framing,0,1,0,,
Grounding alignment — wikiwiki principle,0,1,0,,
Grounding – inference validity,0,1,0,,
Grounding – vocabulary mismatch,0,1,0,,
"Grounding — ""changing requirements"" link claim is slightly stronger than the source supports",0,1,0,,
"Grounding — ""contradicts/qualifies"" link to staleness note",0,1,0,,
"Grounding — ""the oracle-strength prediction confirmed at scale""",0,1,0,,
Grounding — Kirsch Attribution,0,1,0,,
Grounding — MAKER attribution,0,1,0,,
Grounding — deployment claims,0,1,0,,
Grounding — evidence strength,0,1,0,,
Grounding — hedging mismatch,0,1,0,,
Grounding — inference,0,1,0,,
Grounding — inference gap,0,1,0,,
Grounding — inference step,0,1,0,,
Grounding — prompt ablation,0,1,0,,
Grounding — scope,0,1,0,,
Grounding — testability claim,0,1,0,,
Grounding — the-bug-that-shipped,0,1,1,,
Grounding — vocabulary vs. ontology,0,1,0,,
Grounding/Inference,0,1,0,,
Grounding/attribution,0,1,0,,
Grounding/domain-coverage,0,1,0,,
Grounding: Simon attribution,0,1,0,,
Internal Consistency,0,1,2,,
Internal consistency -- SQL injection analogy,0,1,0,,
Internal consistency / definition drift,0,1,0,,
Internal consistency / tension,0,1,0,,
"Internal consistency — ""What stays global"" list vs. body",0,1,0,,
"Internal consistency — ""a gate, not a gradient"" vs. elsewhere",0,1,0,,
"Internal consistency — ""feel substantially better""",0,1,0,,
"Internal consistency — ""independent"" axes may not be independent",0,1,0,,
"Internal consistency — ""on reference"" placement",0,1,0,,
"Internal consistency — ""replaces many narrow notes""",0,1,0,,
"Internal consistency — ""structured types as error correction""",0,1,0,,
"Internal consistency — ""trajectory, not a law"" vs. ""persist under scaling""",0,1,0,,
"Internal consistency — ""volume not time""",0,1,0,,
"Internal consistency — ""what this framing does and doesn't explain""",0,1,0,,
Internal consistency — Caveats tension,0,1,0,,
Internal consistency — claim 7 vs examples,0,1,0,,
Internal consistency — claims 7 and 8,0,1,0,,
Internal consistency — link-removal test vs. network accumulation,0,1,0,,
Internal consistency — ordering claim,0,1,0,,
Internal consistency — potential tension,0,1,0,,
Internal consistency — tension acknowledged but unresolved,0,1,0,,
"Internal consistency — tension between ""current implementation"" and body argument",0,1,0,,
Internal consistency — tension between flywheel claim and weak-claim framing,0,1,0,,
Internal consistency — title vs. body,0,1,0,,
"Internal consistency: ""everything that in-context learning alone is not""",0,1,0,,
Amplification condition — TPR > FPR,0,0,1,,
Completeness / Two reasons structure,0,0,1,,
Completeness — FlashAttention and tokenizer examples,0,0,1,,
Completeness — Toulmin component coverage,0,0,1,,
Completeness — affordances table,0,0,1,,
Completeness — caveats coverage,0,0,1,,
Completeness — incremental constraining sequence,0,0,1,,
Completeness — knowledge types vs. Koylanai,0,0,1,,
Completeness — operations enumeration,0,0,1,,
Completeness — spec mining framing,0,0,1,,
Content bias grounding,0,0,1,,
Grounding -- ad-hoc-prompts link,0,0,1,,
Grounding -- constraining gradient claim,0,0,1,,
Grounding -- scoping link,0,0,1,,
Grounding / agent-statelessness note,0,0,1,,
Grounding / context-injection note,0,0,1,,
Grounding / failure-mode overlap note,0,0,1,,
Grounding alignment / linked notes,0,0,1,,
Grounding alignment — ConvexBench core claim,0,0,1,,
Grounding alignment — Paulsen core claim,0,0,1,,
Grounding alignment — Thalo comparison,0,0,1,,
Grounding alignment — agent statelessness source,0,0,1,,
Grounding alignment — arscontexta,0,0,1,,
Grounding alignment — bitter lesson boundary,0,0,1,,
Grounding alignment — bounded-context orchestration model,0,0,1,,
Grounding alignment — build-time generation,0,0,1,,
Grounding alignment — codification,0,0,1,,
Grounding alignment — codification contrast,0,0,1,,
Grounding alignment — constraining pattern,0,0,1,,
Grounding alignment — context efficiency note,0,0,1,,
Grounding alignment — context-efficiency note,0,0,1,,
Grounding alignment — cybernetics source,0,0,1,,
Grounding alignment — deep search note,0,0,1,,
Grounding alignment — distillation contrast,0,0,1,,
Grounding alignment — error correction,0,0,1,,
Grounding alignment — error-correction link,0,0,1,,
Grounding alignment — homoiconicity,0,0,1,,
Grounding alignment — indirection note,0,0,1,,
Grounding alignment — information-value-is-observer-relative,0,0,1,,
Grounding alignment — inspectable substrate,0,0,1,,
Grounding alignment — instruction specificity,0,0,2,,
Grounding alignment — instruction specificity source,0,0,1,,
Grounding alignment — interpretation-narrowing link,0,0,1,,
Grounding alignment — link contracts framework,0,0,1,,
Grounding alignment — methodology-enforcement link,0,0,1,,
Grounding alignment — oracle strength spectrum,0,0,1,,
Grounding alignment — quality signals note,0,0,1,,
Grounding alignment — stale indexes,0,0,1,,
Grounding alignment — stale indexes note,0,0,1,,
Grounding alignment — tool-use as different path,0,0,1,,
Grounding alignment — type-system-index,0,0,1,,
Grounding alignment — underspecified semantics,0,0,1,,
Grounding alignment — vibe-noting,0,0,1,,
Grounding — ADR-002,0,0,1,,
Grounding — AgeMem,0,0,1,,
Grounding — Agile Comparison,0,0,1,,
Grounding — Augment bidirectional spec reference,0,0,1,,
Grounding — Augmentation/automation boundary,0,0,1,,
Grounding — DeAngelis source,0,0,1,,
Grounding — Fintool,0,0,1,,
Grounding — Graphiti,0,0,1,,
Grounding — Harness Engineering core claims,0,0,1,,
Grounding — Karpathy Verifiability,0,0,1,,
Grounding — Kim source,0,0,1,,
Grounding — Kirsch attribution,0,0,1,,
Grounding — Koylanai factual accuracy,0,0,1,,
"Grounding — Rabanser et al., specific claim",0,0,1,,
Grounding — Rabanser four dimensions,0,0,1,,
Grounding — Simon,0,0,1,,
Grounding — Spec mining connection,0,0,1,,
Grounding — Toulmin warrant,0,0,1,,
Grounding — ablation section,0,0,1,,
Grounding — attribution accuracy,0,0,2,,
Grounding — automating-kb-learning-is-an-open-problem.md,0,0,1,,
Grounding — bitter-lesson-boundary,0,0,1,,
Grounding — bitter-lesson-boundary note,0,0,1,,
Grounding — boundary-of-automation attribution,0,0,1,,
Grounding — bounded-context orchestration model,0,0,1,,
Grounding — changing-requirements note,0,0,1,,
Grounding — chat-history note,0,0,1,,
Grounding — claim 10,0,0,1,,
Grounding — codification,0,0,1,,
Grounding — codification-and-relaxing,0,0,1,,
Grounding — constraining trade-off note,0,0,1,,
Grounding — constraining.md,0,0,1,,
Grounding — context-efficiency note,0,0,1,,
Grounding — control-plane model,0,0,1,,
Grounding — deploy-time-learning note,0,0,1,,
Grounding — diagnosis section,0,0,1,,
Grounding — discovery,0,0,1,,
Grounding — discovery note,0,0,2,,
Grounding — distillation note,0,0,2,,
Grounding — document-classification.md,0,0,1,,
Grounding — elicitation-requires-maintained-question-generation-systems,0,0,1,,
Grounding — error correction framework,0,0,1,,
Grounding — error-correction link,0,0,1,,
Grounding — evolving-understanding note,0,0,1,,
Grounding — experiment report,0,0,1,,
Grounding — information-value note,0,0,1,,
Grounding — installation architecture,0,0,1,,
Grounding — instruction-specificity-should-match-loading-frequency.md,0,0,1,,
Grounding — interpreter failure distinction,0,0,1,,
Grounding — learning-is-not-only-about-generality,0,0,1,,
Grounding — loading frequency,0,0,1,,
Grounding — oracle-strength-spectrum,0,0,3,,
Grounding — reach note,0,0,1,,
Grounding — reach section,0,0,1,,
Grounding — relationship semantics,0,0,1,,
Grounding — reverse-compression attribution,0,0,1,,
Grounding — scoping note sub-agents,0,0,1,,
Grounding — source ingest alignment,0,0,1,,
Grounding — spec-mining note,0,0,1,,
Grounding — specification-strategy link,0,0,1,,
Grounding — stagnation evidence,0,0,1,,
Grounding — staleness note cross-reference,0,0,1,,
Grounding — text testing framework,0,0,1,,
Grounding — tool-fallback analogy,0,0,1,,
Grounding — underspecification foundation,0,0,1,,
Grounding — underspecification note alignment,0,0,1,,
Grounding — unit testing link,0,0,1,,
Grounding — verification section,0,0,1,,
Grounding — workshop layer note,0,0,1,,
Grounding — workshop note,0,0,1,,
Grounding: Amodei source content,0,0,1,,
Grounding: context-engineering operations,0,0,1,,
Grounding: deploy-time learning framework,0,0,1,,
Grounding: three timescales,0,0,1,,
Internal Consistency — Body vs. Summary,0,0,1,,
Internal Consistency — Constraining/Distillation,0,0,1,,
Internal Consistency — Verifiability Table,0,0,1,,
Internal consistency -- Definition stability,0,0,1,,
Internal consistency -- Enables/Costs structure,0,0,1,,
Internal consistency / Methodological claim vs. body,0,0,1,,
Internal consistency / Naive anthropomorphism vs. naive mechanism-ism,0,0,1,,
Internal consistency — Evidence/Reasoning separation,0,0,1,,
Internal consistency — Graphiti section vs. main argument,0,0,1,,
Internal consistency — Predictability gap,0,0,1,,
Internal consistency — TPR/FPR framework,0,0,1,,
Internal consistency — Title claim and body,0,0,1,,
Internal consistency — causal chain,0,0,1,,
Internal consistency — caveats vs body,0,0,1,,
Internal consistency — claims 3 and 4,0,0,1,,
Internal consistency — claims 9 and 14,0,0,1,,
Internal consistency — codification distinction,0,0,1,,
Internal consistency — compressed summary,0,0,1,,
Internal consistency — compressed summary absent,0,0,1,,
Internal consistency — compressed summary alignment,0,0,1,,
Internal consistency — core argument,0,0,1,,
Internal consistency — cost claim,0,0,1,,
Internal consistency — definition of reach,0,0,1,,
Internal consistency — definition stability,0,0,6,,
Internal consistency — definition type proposal,0,0,1,,
Internal consistency — definitions,0,0,1,,
Internal consistency — enumeration structure,0,0,1,,
Internal consistency — link semantics,0,0,1,,
Internal consistency — motivating case to framework,0,0,1,,
Internal consistency — naming rationale,0,0,1,,
Internal consistency — negative compounding,0,0,1,,
Internal consistency — no pairwise contradictions,0,0,1,,
Internal consistency — open questions,0,0,3,,
Internal consistency — open questions vs body,0,0,1,,
Internal consistency — open questions vs claims,0,0,1,,
Internal consistency — overall,0,0,2,,
Internal consistency — pairwise consistency,0,0,1,,
Internal consistency — pairwise contradiction,0,0,2,,
Internal consistency — process section,0,0,1,,
Internal consistency — programming analogy,0,0,1,,
Internal consistency — relationship to scheduler note,0,0,1,,
Internal consistency — risks vs. pattern,0,0,1,,
Internal consistency — schema commitment argument,0,0,1,,
Internal consistency — section alignment,0,0,1,,
Internal consistency — section coherence,0,0,1,,
Internal consistency — store vs. load separation,0,0,1,,
Internal consistency — summary faithfulness,0,0,1,,
Internal consistency — summary vs body,0,0,1,,
Internal consistency — summary vs. body,0,0,1,,
Internal consistency — three-level taxonomy vs. body,0,0,1,,
Internal consistency — title and body,0,0,1,,
Internal consistency — title and body alignment,0,0,1,,
Internal consistency — title vs body,0,0,1,,
Internal consistency: no definition drift,0,0,1,,
Internal consistency: no pairwise contradictions,0,0,1,,
MAKER as motivating example,0,0,1,,
Scaling law derivation,0,0,1,,
Scope,0,0,1,,
