system_name,review_file,public_repo,clone_path,one_line,source_tier,storage_substrate,representational_form,form_prose,form_symbolic,form_parametric,lin_authored,lin_imported,lin_trace_extracted,auth_knowledge,auth_instruction,auth_enforcement,auth_routing,auth_validation,auth_ranking,auth_learning,trace_derived,ts_session_logs,ts_tool_traces,ts_event_streams,ts_trajectories,df_prose,df_symbolic,df_parametric,ls_per_task,ls_per_project,ls_cross_task,lt_online,lt_offline,lt_staged,read_back_direction,rb_pull,rb_push,sig_coarse,sig_identifier,sig_inferred_lexical,sig_inferred_embedding,sig_inferred_judgment,rb_faithfulness_tested,push_engineered,read_back_notes
A-mem,kb/agent-memory-systems/reviews/a-mem.md,https://github.com/WujiangXu/A-mem-sys,related-systems/WujiangXu--A-mem-sys,,repo-reviewed,vector,prose;symbolic;parametric,1,1,1,1,0,0,1,1,0,1,0,1,1,no,,,,,,,,,,,,,,pull,1,0,,,,,,,no,"Callers explicitly invoke `read`, `search`, `search_agentic`, or `find_related_memories`; the repository does not wire a relevance-gated push path into an agent loop"
ACE,kb/agent-memory-systems/reviews/ace.md,https://github.com/ace-agent/ace,related-systems/ace,,repo-reviewed,in-memory,prose;symbolic,1,1,0,1,1,1,1,1,0,0,1,1,1,yes,1,0,0,1,1,1,0,1,0,0,1,1,1,push,0,1,1,0,0,0,0,no,no,The retained playbook is pushed by coarse always-load: every Generator call receives the whole playbook in prompt context. There is no instance-targeted signal or relevance-gated push activation in this commit
Agent Skills for Context Engineering,kb/agent-memory-systems/reviews/agent-skills-for-context-engineering.md,https://github.com/muratcankoylan/Agent-Skills-for-Context-Engineering,related-systems/muratcankoylan--Agent-Skills-for-Context-Engineering,,repo-reviewed,repo,prose;symbolic,1,1,0,1,1,1,1,1,1,1,1,1,1,yes,0,1,0,1,1,1,0,1,0,0,0,1,1,pull,1,0,,,,,,,no,"Memory read-back is file lookup: humans, agents, examples, and researcher scripts read known skills, run files, ledgers, traces, generated skills, and corpus files on demand. Host plugin routers may push installed `SKILL.md` files into the agent's context, but those files ship with the system as baseline documentation/instructions, so that activation does not count as memory read-back."
Agent Workflow Memory,kb/agent-memory-systems/reviews/agent-workflow-memory.md,https://github.com/zorazrw/agent-workflow-memory,related-systems/zorazrw--agent-workflow-memory,,repo-reviewed,files,prose;symbolic;parametric,1,1,1,1,1,1,1,1,0,1,1,1,1,yes,1,1,0,1,1,1,1,0,0,1,1,1,1,push,0,1,0,1,0,1,0,no,yes,"Retained workflow memory is placed into the acting agent's prompt by the harness before action. The deployed Mind2Web/WebArena paths are instance-targeted by identifier signals: configured workflow paths, website-specific files, and Mind2Web domain/subdomain/website specifiers, with top-k and context-budget controls. The optional Mind2Web retriever can add embedding-based preprocessing over workflow names/docstrings, but it is not the central action-loop selector."
Agent-R,kb/agent-memory-systems/reviews/agent-r.md,https://github.com/ByteDance-Seed/Agent-R,related-systems/Agent-R,,repo-reviewed,model-weights,prose;symbolic;parametric,1,1,1,1,1,1,1,1,0,0,1,1,1,yes,0,0,0,1,1,1,1,0,0,1,0,1,1,push,0,1,1,0,0,0,0,no,no,Coarse always-on parameterization after fine-tuning; the code does not implement pull retrieval or instance-targeted push activation over stored trajectories
Agent-S,kb/agent-memory-systems/reviews/Agent-S.md,https://github.com/simular-ai/Agent-S,related-systems/simular-ai--Agent-S,,repo-reviewed,files,prose;symbolic;parametric,1,1,1,1,1,1,1,1,0,1,1,1,1,yes,0,0,0,1,1,0,0,1,0,1,1,1,1,push,0,1,0,0,0,1,0,no,yes,"S2 uses retrieval machinery internally, but from the planner/worker perspective embedding-selected narrative and episodic experience are pushed into prompts before action; S3 mainly uses always-loaded transient episode context, not durable memory read-back"
AgentFly,kb/agent-memory-systems/reviews/AgentFly.md,https://github.com/Agent-on-the-Fly/AgentFly,related-systems/Agent-on-the-Fly--AgentFly,,repo-reviewed,files,prose;symbolic;parametric,1,1,1,1,0,1,1,1,0,0,0,1,1,yes,0,1,0,1,1,1,1,0,0,1,1,1,1,push,0,1,0,0,0,1,1,no,yes,"With instance-targeted inferred selection. From the acting planner's perspective, retrieved case memory arrives before it asks for it; non-parametric CBR gates by SimCSE embedding similarity over the current query and case question, and parametric CBR gates by a trained neural query-case classifier."
Agentic Harness Engineering,kb/agent-memory-systems/reviews/agentic-harness-engineering.md,https://github.com/china-qijizhifeng/agentic-harness-engineering,related-systems/china-qijizhifeng--agentic-harness-engineering,,repo-reviewed,repo,prose;symbolic,1,1,0,1,1,1,1,1,1,1,1,1,1,yes,0,1,0,1,1,1,0,0,1,1,0,0,1,both,1,1,0,1,0,0,0,yes,yes,"With instance-targeted engineered push. The evolution agent receives a generated, scoped iteration packet keyed to the current benchmark iteration before acting, and it can pull detail reports or raw traces when needed. The evaluated code agent mostly receives whatever harness components are registered or always loaded in its workspace"
Agentic Local Brain,kb/agent-memory-systems/reviews/agentic-local-brain.md,,,,repo-reviewed,sqlite,prose;symbolic;parametric,1,1,1,1,1,1,1,1,0,1,0,1,1,yes,1,0,1,0,1,1,1,1,0,1,1,1,0,both,1,1,1,1,1,1,0,no,yes,"Users and agents can pull memory through CLI/API search and RAG, while the web enhanced-RAG path pushes retained conversation history and usage-personalized retrieval state into the answering LLM without the model first requesting those memories."
AI Context OS,kb/agent-memory-systems/reviews/AI-Context-OS.md,,,,repo-reviewed,files,prose;symbolic,1,1,0,1,1,1,1,1,1,1,1,1,1,yes,1,1,1,0,1,1,0,0,1,1,1,1,0,both,1,1,1,1,1,0,0,no,yes,"MCP `get_context`, `get_skill`, static files, simulation, and file navigation are pull surfaces, while the app's chat path can auto-assemble selected vault context from the latest user turn and inject it before the provider call; generated static adapters also provide coarse always-present memory/routing context for tools that load them."
ai-memex-cli,kb/agent-memory-systems/reviews/ai-memex-cli.md,,,,repo-reviewed,files,prose;symbolic,1,1,0,1,1,1,1,1,1,1,1,1,1,yes,1,1,0,0,1,1,0,0,1,1,0,0,1,both,1,1,1,0,0,0,0,no,no,"Retained memory returns by pull through `memex search`, `memex inject`, direct wiki reads, and local projections, and by coarse push when `memex context install` writes a vault digest into auto-loaded host files. The push path is not instance-targeted or faithfulness-tested in the reviewed code, so this review does not add `push-activation`."
ai-modules,kb/agent-memory-systems/reviews/theafh--ai-modules.md,,,,repo-reviewed,repo,prose;symbolic,1,1,0,1,1,1,1,1,1,1,1,0,0,yes,1,0,0,0,1,1,0,0,1,0,0,0,1,pull,1,0,,,,,,,no,"Retained wiki and task memory reaches the agent when a skill is activated and the agent deliberately reads `SCHEMA.md`, `index.md`, recent `log.md`, relevant pages, task files, or search results. Host platforms may push shipped `SKILL.md` files as baseline instructions, but those are packaged system definitions rather than retained memory accumulated from using a particular wiki or task tree."
Archie,kb/agent-memory-systems/reviews/archie.md,https://github.com/gchamon/archie,related-systems/gchamon--archie,,repo-reviewed,repo,prose;symbolic,1,1,0,1,0,0,1,1,1,0,0,0,0,no,,,,,,,,,,,,,,pull,1,0,,,,,,,no,"Root agent instructions and deployed configs are shipped baseline context or runtime configuration, not read-back; retained manuals, work items, ADRs, and bug notes re-enter future work by explicit lookup. There is no relevance-gated push activation layer in the inspected code."
AriGraph,kb/agent-memory-systems/reviews/AriGraph.md,https://github.com/AIRI-Institute/AriGraph,related-systems/AIRI-Institute--AriGraph,,repo-reviewed,in-memory,prose;symbolic;parametric,1,1,1,1,1,1,1,1,0,1,1,1,0,no,,,,,,,,,,,,,,push,0,1,0,0,0,1,1,no,yes,"From the planner/action agent's perspective, the orchestration layer relevance-selects graph facts and episodic memories and inserts them into prompts before each decision; the selected memory is not requested by the planner/action agent through a tool call"
ARIS / Auto-claude-code-research-in-sleep,kb/agent-memory-systems/reviews/Auto-claude-code-research-in-sleep.md,https://github.com/wanshuiyin/Auto-claude-code-research-in-sleep,related-systems/wanshuiyin--Auto-claude-code-research-in-sleep,,repo-reviewed,files,prose;symbolic,1,1,0,1,1,1,1,1,1,1,1,0,1,yes,1,0,1,0,1,1,0,1,1,1,1,0,1,both,1,1,1,1,0,0,0,no,yes,"Agents deliberately invoke skills and read files, while generated query packs, recovery hooks, readiness hooks, monitors, queues, and run-state resume paths can proactively surface retained project state before the next action"
Ars Contexta,kb/agent-memory-systems/reviews/arscontexta.md,https://github.com/agenticnotetaking/arscontexta,related-systems/agenticnotetaking--arscontexta,,repo-reviewed,files,prose;symbolic,1,1,0,1,1,1,1,1,1,1,1,0,1,yes,1,0,1,0,1,1,0,0,1,1,0,0,1,both,1,1,1,1,0,0,0,no,yes,"Agents can pull notes, MOCs, research claims, and skills deliberately, while hooks push retained vault state, maintenance signals, and validation warnings into the agent's path"
Atomic,kb/agent-memory-systems/reviews/atomic.md,https://github.com/kenforthewin/atomic,related-systems/kenforthewin--atomic,,repo-reviewed,sqlite,prose;symbolic;parametric,1,1,1,1,1,1,1,1,1,1,1,1,1,no,,,,,,,,,,,,,,both,1,1,0,1,0,0,0,no,yes,"Ordinary search, chat, MCP, wiki browsing, and canvas use are pull. Scheduled reports are engineered push: a cron/report trigger uses the saved report scope to select source atoms by tag, kind, time window, and token budget, then injects them into a report agent before it writes a finding"
auto-harness,kb/agent-memory-systems/reviews/auto-harness.md,https://github.com/neosigmaai/auto-harness,related-systems/neosigmaai--auto-harness,,repo-reviewed,files,prose;symbolic,1,1,0,1,1,1,1,1,1,1,1,0,1,yes,1,1,1,1,1,1,0,1,0,1,0,0,1,both,1,1,1,0,0,0,0,no,no,"The benchmark gets a coarse memory push because every run imports the evolved `agent/agent.py`; the optimizing coding agent gets retained traces, `workspace/learnings.md`, and train results only by pulling the files that `PROGRAM.md` tells it to inspect. There is no instance-targeted signal, matcher, retrieval budget, before-action hook, or relevance-gated memory injection beyond deterministic benchmark execution and program-following"
Autocontext,kb/agent-memory-systems/reviews/autocontext.md,https://github.com/greyhaven-ai/autocontext,related-systems/autocontext,,repo-reviewed,sqlite,prose;symbolic;parametric,1,1,1,1,1,1,1,1,1,1,1,1,1,yes,1,1,1,1,1,1,1,1,1,1,1,1,1,both,1,1,0,1,0,0,0,no,yes,"With engineered memory push. The acting role receives scenario-scoped playbooks, hints, lessons, dead ends, reports, active harness mutations, selected session history, and context-selection/budget outcomes through prompt/context assembly; operators and agents can also pull run status, playbooks, runtime sessions, datasets, and knowledge through CLI, HTTP, MCP, and SDK surfaces. Repo instructions and runtime skill manifests are baseline context surfaces, not memory read-back."
Awesome Agent Memory,kb/agent-memory-systems/reviews/Awesome-Agent-Memory.md,https://github.com/TeleAI-UAGI/Awesome-Agent-Memory,related-systems/Awesome-Agent-Memory,,repo-reviewed,files,prose;symbolic,1,1,0,1,1,0,1,0,0,0,0,1,0,no,,,,,,,,,,,,,,pull,1,0,,,,,,,no,"Awesome Agent Memory is pull-only. A human or agent must deliberately browse, search, or follow the README links; the repository has no engineered push activation, relevance gate, before-action hook, or selection budget"
Basic Memory,kb/agent-memory-systems/reviews/basic-memory.md,,,,repo-reviewed,files,prose;symbolic;parametric,1,1,1,1,1,1,1,1,0,1,1,1,1,yes,1,0,0,0,1,1,0,0,1,1,0,1,1,both,1,1,0,1,0,0,0,no,yes,"Core Basic Memory is pull through MCP/CLI/API search/read/context tools, while the shipped Claude Code plugin pushes project-scoped session context into Claude through `SessionStart` and writes future-readable session checkpoints through `PreCompact`."
beever-atlas,kb/agent-memory-systems/reviews/beever-atlas.md,,,,repo-reviewed,vector,prose;symbolic;parametric,1,1,1,1,1,1,1,1,1,1,1,1,0,yes,1,0,1,0,1,1,1,0,1,1,1,0,1,both,1,1,0,1,0,0,0,no,yes,"team knowledge mostly reaches agents by pull through dashboard/API/MCP tools, while the dashboard QA path also pushes retained session chat history into the next ask prompt when a session id is reused."
Binder,kb/agent-memory-systems/reviews/binder.md,https://github.com/mpazik/binder,related-systems/mpazik--binder,,repo-reviewed,sqlite,symbolic,0,1,0,1,1,0,1,1,1,1,1,0,0,no,,,,,,,,,,,,,,pull,1,0,,,,,,,no,"For agent memory in the reviewed implementation. Agents can deliberately call MCP/CLI/search/read tools or use installed skill guidance, but I did not find a Binder-owned relevance-gated push mechanism that injects memories before action"
browzy.ai,kb/agent-memory-systems/reviews/browzy-ai.md,https://github.com/VihariKanukollu/browzy.ai,related-systems/browzy.ai,,repo-reviewed,sqlite,prose;symbolic,1,1,0,1,1,1,1,1,0,1,1,1,1,yes,1,0,1,0,1,1,0,1,0,1,1,0,1,push,0,1,0,0,1,0,0,no,yes,"From the answering LLM's perspective, Browzy injects relevance-selected wiki context into the prompt in response to the user's query"
byterover-cli,kb/agent-memory-systems/reviews/byterover-cli.md,https://github.com/campfirein/byterover-cli,related-systems/byterover-cli,,repo-reviewed,files,prose;symbolic,1,1,0,1,0,1,1,1,1,1,1,1,1,yes,0,1,1,0,1,1,0,0,1,1,1,1,1,pull,1,0,,,,,,,no,"Retained topic content returns through explicit `brv query`, MCP `brv-query`, `search_knowledge`, or `expand_knowledge` calls; installed rules, hook output, and MCP descriptions inject shipped workflow instructions, which are a baseline context surface rather than memory read-back"
cass_memory_system,kb/agent-memory-systems/reviews/cass_memory_system.md,https://github.com/Dicklesworthstone/cass_memory_system,related-systems/cass_memory_system,,repo-reviewed,files,prose;symbolic,1,1,0,1,1,1,1,1,1,1,1,1,1,yes,1,1,1,0,1,1,1,0,1,1,0,0,1,both,1,1,1,0,1,0,0,no,yes,"Ordinary playbook and history memory reach the agent by explicit pull through `cm context`, `cm_context`, `memory_search`, or similar calls; retained trauma entries can reach and block the agent by before-action hooks without a deliberate memory query"
Claude Context Guard,kb/agent-memory-systems/reviews/claude-context-guard.md,https://github.com/atreiou/claude-context-guard,related-systems/claude-context-guard,,repo-reviewed,repo,prose;symbolic,1,1,0,1,1,1,1,1,1,0,1,0,0,yes,1,0,1,0,1,1,0,0,1,0,1,0,1,both,1,1,1,0,0,0,0,no,no,"Memory-only. The push paths are coarse: Claude Code always-loads project `CLAUDE.md`, and `/start` or `/audit` user events instruct the agent to read the current safeguard files; there is no instance signal beyond session/audit mode. Archive pages and itemised sidecars remain pull surfaces. The hooks inject shipped checklist/status text or copy files, not selected retained memory"
claude-obsidian,kb/agent-memory-systems/reviews/claude-obsidian.md,,,,repo-reviewed,files,prose;symbolic;parametric,1,1,1,1,1,1,1,1,1,1,1,1,1,yes,1,0,0,0,1,1,0,0,1,1,1,1,1,both,1,1,1,0,0,0,0,no,yes,"`wiki/hot.md` is pushed by session/compaction hooks, while deeper wiki memory is pulled through explicit `wiki-query`, `wiki-retrieve`, page reads, index scans, and save/fold workflows."
clawvault,kb/agent-memory-systems/reviews/clawvault.md,https://github.com/Versatly/clawvault,related-systems/clawvault,,repo-reviewed,files,prose;symbolic;parametric,1,1,1,1,0,1,1,1,1,1,1,1,1,yes,1,0,1,0,1,1,1,0,1,1,1,1,1,both,1,1,0,1,1,1,1,no,yes,"The CLI supports pull retrieval through search/recall/context, while OpenClaw hooks push retained session recap and prompt-matched vault snippets into agent context before or during action; the recall mandate and communication protocol are shipped baseline context, not read-back"
Closure-SDK,kb/agent-memory-systems/reviews/Closure-SDK.md,https://github.com/faltz009/Closure-SDK,related-systems/faltz009--Closure-SDK,,repo-reviewed,in-memory,symbolic,0,1,0,1,1,0,1,0,1,1,1,1,1,no,,,,,,,,,,,,,,pull,1,0,,,,,,,no,"For agents. Closure-SDK exposes CLI/API/database/geometric retrieval that a caller deliberately invokes; `closure_ea` performs query-gated internal reads during ingest, but the repo does not implement relevance-gated push of memory into an LLM agent context"
Clude,kb/agent-memory-systems/reviews/cludebot.md,https://github.com/sebbsssss/cludebot,related-systems/cludebot,,repo-reviewed,sqlite,prose;symbolic;parametric,1,1,1,1,1,1,1,1,0,1,0,1,1,yes,1,1,1,0,1,1,1,1,1,1,1,1,1,both,1,1,1,1,1,1,0,no,yes,"MCP/SDK recall is pull, while hosted chat and response-service paths perform instance-targeted memory push by retrieving memories from the incoming query/task and injecting selected memories into prompt context before generation"
CocoIndex,kb/agent-memory-systems/reviews/cocoindex.md,https://github.com/cocoindex-io/cocoindex,related-systems/cocoindex-io--cocoindex,,repo-reviewed,files,prose;symbolic,1,1,0,1,1,0,1,1,1,1,1,0,0,no,,,,,,,,,,,,,,pull,1,0,,,,,,,no,"As reviewed. CocoIndex can keep vector, graph, and table targets fresh, but agent context arrives through host queries, database/vector-client searches, or downstream applications; the framework does not itself perform relevance-gated push activation into an agent"
Cognee,kb/agent-memory-systems/reviews/cognee.md,https://github.com/topoteretes/cognee,related-systems/cognee,,repo-reviewed,rdbms,symbolic,0,1,0,1,1,1,1,1,1,1,1,1,1,yes,1,1,0,1,1,1,1,1,0,1,1,0,1,both,1,1,0,1,0,1,0,no,yes,"Cognee has ordinary pull through `search`, `recall`, MCP tools, and `memory_search`; it also has engineered memory push when `agent_memory` retrieves instance-scoped graph or session memory and `LLMGateway` injects it into the next Cognee-mediated LLM call"
compound-engineering-plugin,kb/agent-memory-systems/reviews/compound-engineering-plugin.md,https://github.com/EveryInc/compound-engineering-plugin,related-systems/EveryInc--compound-engineering-plugin,,repo-reviewed,repo,prose;symbolic,1,1,0,1,1,1,1,1,1,1,1,1,1,yes,1,1,1,0,1,1,0,0,1,1,0,1,1,both,1,1,1,1,1,0,1,no,yes,"Project-retained memory can be pulled deliberately by invoking skills such as `ce-sessions` or by reading `docs/solutions/`, and it is also pushed into later workflow context when CE skills automatically read `STRATEGY.md`, search `docs/brainstorms/` or `docs/solutions/`, include session-history findings, or load pulse configuration during an invoked workflow."
Context Constitution,kb/agent-memory-systems/reviews/context-constitution.md,https://github.com/letta-ai/context-constitution,related-systems/letta-ai--context-constitution,,repo-reviewed,files,prose,1,0,0,1,0,1,1,1,0,1,1,0,1,no,,,,,,,,,,,,,,both,1,1,1,0,0,0,0,no,no,"The described Letta harness coarsely push-loads retained `/system` memory in the prompt, while external memory files and message history require agent pull; the constitution itself is shipped policy text, a baseline context surface rather than read-back, and no implemented relevance-gated push activation is present in this repo"
Continuity,kb/agent-memory-systems/reviews/continuity.md,,,,repo-reviewed,sqlite,prose;symbolic,1,1,0,1,1,1,1,1,0,1,0,0,1,yes,1,0,0,0,1,1,0,0,1,1,0,0,1,both,1,1,1,0,0,0,0,no,no,"retained memory reaches the in-app assistant by coarse prompt push of the narrative and recent memories, and by explicit pull through recall/search/project/MCP tools; I did not find an instance-targeted or faithfulness-tested memory push path."
CORAL,kb/agent-memory-systems/reviews/CORAL.md,https://github.com/Human-Agent-Society/CORAL,related-systems/CORAL,,repo-reviewed,files,prose;symbolic,1,1,0,1,1,1,1,1,1,1,1,1,1,yes,1,1,1,0,1,1,0,1,1,1,1,0,0,both,1,1,0,1,0,0,0,no,yes,"CORAL uses pull for notes, skills, logs, attempts, and diffs through CLI/file browsing; it uses engineered push when the manager injects the committing agent's retained eval-result memory into resumed sessions, while generated startup instructions and shipped heartbeat templates are baseline instruction surfaces rather than retained-memory read-back"
Cortex,kb/agent-memory-systems/reviews/cortex.md,,,,repo-reviewed,graph,prose;symbolic;parametric,1,1,1,1,1,1,1,1,0,1,1,1,1,yes,0,1,1,0,0,1,0,0,1,1,1,0,0,pull,1,0,,,,,,,no,"Retained memory reaches an agent when the agent, CLI, dashboard, REST route, or user explicitly calls `cortex_search`, `cortex_context`, `cortex_dossier`, `cortex_read`, graph, list, or synthesis tools; shipped MCP descriptions and `llms.txt` best practices are baseline instructions, not accumulated memory push."
cq,kb/agent-memory-systems/reviews/cq.md,https://github.com/mozilla-ai/cq,related-systems/cq,,repo-reviewed,sqlite,prose;symbolic,1,1,0,1,0,1,1,1,1,1,1,1,1,yes,1,1,0,0,1,1,0,1,0,1,1,0,1,pull,1,0,,,,,,,no,Stored cq knowledge reaches an agent when the agent or skill-guided workflow deliberately calls `query`; this commit does not implement relevance-gated KU injection into the agent context
CrewAI Memory,kb/agent-memory-systems/reviews/crewai-memory.md,https://github.com/crewAIInc/crewAI,related-systems/crewAIInc--crewAI,,repo-reviewed,vector,prose;symbolic;parametric,1,1,1,1,1,1,1,1,1,1,0,1,1,yes,1,0,0,0,1,1,1,1,0,1,1,0,0,both,1,1,0,0,0,1,1,no,yes,"CrewAI has pull read-back through `Search memory`, `Memory.recall`, scopes, flows, and knowledge queries; it has engineered push activation in LiteAgent, where the last user message triggers instance-targeted inferred/embedding recall and prompt injection before the LLM call"
Decapod,kb/agent-memory-systems/reviews/decapod.md,https://github.com/DecapodLabs/decapod,related-systems/decapod,,repo-reviewed,files,prose;symbolic,1,1,0,1,1,1,1,1,1,1,1,1,1,yes,0,1,1,0,1,1,0,1,1,1,1,0,1,pull,1,0,,,,,,,no,"Decapod's entrypoint contracts, embedded docs, and context capsules are shipped or generated baseline context surfaces, not retained-memory read-back. Retained knowledge, lessons, archives, federation nodes, and decisions re-enter through explicit CLI/RPC searches, restores, or task/workflow calls; the source-visible worker loop records only knowledge-hit summaries into task comments, not unsolicited memory content."
dense-mem,kb/agent-memory-systems/reviews/dense-mem.md,,,,repo-reviewed,graph,prose;symbolic;parametric,1,1,1,1,1,1,1,1,1,1,1,1,1,yes,1,0,0,0,1,1,0,0,0,1,1,0,1,pull,1,0,,,,,,,no,"Retained memory reaches the agent only when a host explicitly calls `recall_memory`, `get_memory`, fact/claim tools, graph query, community tools, or related REST/MCP endpoints; the repository defines tool descriptions encouraging use before answers, but I did not find an implemented hook or situation matcher that pushes retained memories into the agent context without a tool call."
DocMason,kb/agent-memory-systems/reviews/docmason.md,https://github.com/JetXu-LLM/DocMason,related-systems/DocMason,,repo-reviewed,files,prose;symbolic,1,1,0,1,1,1,1,1,1,1,1,1,1,yes,1,1,1,0,1,1,0,0,1,1,1,0,1,both,1,1,0,0,1,0,0,no,yes,"With engineered push of retained warm-start answer evidence and interaction memory through canonical ask, plus pull through explicit `retrieve` and `trace`"
Dynamic Cheatsheet,kb/agent-memory-systems/reviews/dynamic-cheatsheet.md,https://github.com/suzgunmirac/dynamic-cheatsheet,related-systems/dynamic-cheatsheet,,repo-reviewed,in-memory,prose,1,0,0,1,1,1,1,1,0,0,0,1,1,yes,1,0,0,1,1,0,0,1,0,1,1,0,0,push,0,1,1,0,0,1,0,no,yes,With coarse cheatsheet injection in cumulative mode and instance-targeted embedding push in retrieval modes; no independent agent pull path is implemented
Echel,kb/agent-memory-systems/reviews/echel.md,,,,repo-reviewed,files,prose;symbolic,1,1,0,1,1,0,1,1,1,1,1,1,0,no,,,,,,,,,,,,,,both,1,1,1,1,0,0,0,no,yes,"Agents and operators can pull memory through CLI/cockpit/status/graph/query commands, but generated work packets, session-bootstrap output, and prompt files also push selected retained product memory into the next agent session or task handoff."
Engraph,kb/agent-memory-systems/reviews/engraph.md,https://github.com/devwhodevs/engraph,related-systems/engraph,,repo-reviewed,files,prose;symbolic;parametric,1,1,1,1,1,0,1,1,0,1,1,1,1,no,,,,,,,,,,,,,,pull,1,0,,,,,,,no,"From the agent's perspective. Memory enters context when the agent, user, or host explicitly calls search, read, context, identity, MCP, HTTP, or CLI tools; I did not find relevance-gated pre-action injection beyond ordinary tool calls and server instructions"
EQUIPA,kb/agent-memory-systems/reviews/equipa.md,https://github.com/sbknana/equipa,related-systems/equipa,,repo-reviewed,sqlite,prose;symbolic;parametric,1,1,1,1,0,1,1,1,0,1,1,1,1,yes,1,1,0,1,1,1,1,1,1,1,1,0,1,both,1,1,0,1,1,1,0,no,yes,"Acting agents receive engineered relevance-gated memory during prompt construction, while MCP lesson/log/context queries provide a pull path for hosts and humans"
Exocomp,kb/agent-memory-systems/reviews/exocomp.md,https://github.com/cookiengineer/exocomp,related-systems/cookiengineer--exocomp,,repo-reviewed,files,prose;symbolic,1,1,0,1,1,1,1,1,1,1,1,0,0,no,,,,,,,,,,,,,,both,1,1,1,0,0,0,0,,no,"Retained session recovery is pushed coarsely at TTY/web session start, with no instance signal or relevance gate; requirements, bugs, changelogs, work reports, file contents, and skills enter through explicit tool calls or manual skill loading. Role prompts, tool schemas, and shipped role text are baseline context surfaces, not memory read-back"
ExpeL,kb/agent-memory-systems/reviews/expel.md,https://github.com/LeapLabTHU/ExpeL,related-systems/ExpeL,,repo-reviewed,files,prose;symbolic;parametric,1,1,1,1,1,1,1,1,1,1,0,1,1,yes,0,0,0,1,1,1,1,1,0,1,1,1,1,both,1,1,1,1,0,1,0,no,yes,With coarse rule push and instance-targeted inferred/embedding push activation for retrieved few-shot trajectories; script-level checkpoint loading is a non-agent pull path
Funes,kb/agent-memory-systems/reviews/funes.md,,,,repo-reviewed,repo,prose;symbolic,1,1,0,1,1,0,1,1,0,1,0,0,0,no,,,,,,,,,,,,,,pull,1,0,,,,,,,no,"Retained memory reaches the acting agent when the Librarian deliberately searches or reads the wiki in response to Q&A or output work; this checkout has no hook, runtime, retriever, or host integration that pushes instance-selected retained memory into context before action."
G-Memory,kb/agent-memory-systems/reviews/g-memory.md,https://github.com/bingreeky/GMemory,related-systems/GMemory,,repo-reviewed,vector,prose;symbolic;parametric,1,1,1,1,0,1,1,1,0,1,0,1,1,yes,1,1,0,1,1,1,1,1,0,1,1,0,1,push,0,1,0,0,0,1,1,no,yes,"With instance-targeted inferred activation through task-graph expansion, embedding similarity, thresholds, LLM judgment reranking, top-k limits, and prompt assembly before agent action"
GBrain,kb/agent-memory-systems/reviews/gbrain.md,https://github.com/garrytan/gbrain,related-systems/gbrain,,repo-reviewed,rdbms,prose;symbolic;parametric,1,1,1,1,1,1,1,1,1,1,1,1,1,yes,1,1,1,1,1,1,1,1,1,1,1,1,1,both,1,1,1,1,0,0,0,no,yes,GBrain supports pull through search/query/think/recall and engineered memory push through MCP `_meta.brain_hot_memory`; the OpenClaw context engine also pushes retained workspace state during prompt assembly
getsentry/skills,kb/agent-memory-systems/reviews/getsentry-skills.md,https://github.com/getsentry/skills,related-systems/getsentry--skills,,repo-reviewed,files,symbolic,0,1,0,1,1,0,1,1,1,0,1,0,0,no,,,,,,,,,,,,,,pull,1,0,,,,,,,no,"Memory-only. Agents and maintainers can deliberately read or invoke the repository's skill packages, helper scripts, settings, and Warden configuration, but host-selected `SKILL.md` files and Warden-triggered `skill-scanner` runs are shipped system-definition surfaces, not accumulated memory read-back; I did not find code implementing relevance-gated memory injection into an agent's context"
Gnosis,kb/agent-memory-systems/reviews/gnosis.md,https://github.com/skorokithakis/gnosis,related-systems/skorokithakis--gnosis,,repo-reviewed,files,prose;symbolic,1,1,0,1,0,1,1,1,0,1,0,1,0,yes,1,0,0,0,1,1,0,1,1,1,1,0,1,pull,1,0,,,,,,,no,"Agents deliberately run `gn search`, `gn latest`, `gn topics`, or `gn show`; host `AGENTS.md` can make that pull habitual, but gnosis does not implement relevance-gated push activation"
Graphiti,kb/agent-memory-systems/reviews/graphiti.md,https://github.com/getzep/graphiti,related-systems/getzep--graphiti,,repo-reviewed,graph,prose;symbolic;parametric,1,1,1,1,1,1,1,1,1,1,1,1,1,yes,1,0,1,0,1,1,1,0,0,1,1,0,1,pull,1,0,,,,,,,no,Graphiti's implemented memory reaches agents through explicit library/API/MCP search calls or host-written instructions to search; I did not find a code-grounded relevance-gated pre-action push path in the reviewed source
Halo,kb/agent-memory-systems/reviews/halo.md,https://github.com/context-labs/halo,related-systems/context-labs--halo,,repo-reviewed,files,prose;symbolic,1,1,0,1,0,1,1,1,1,1,0,1,0,yes,1,1,1,0,1,1,0,0,1,1,0,1,0,pull,1,0,,,,,,,no,"A user or caller supplies a trace file and prompt, then Halo's root and subagents deliberately pull trace evidence through tools; the engine does not push stored memory into future host-agent contexts"
Hindsight,kb/agent-memory-systems/reviews/hindsight.md,https://github.com/vectorize-io/hindsight,related-systems/hindsight,,repo-reviewed,rdbms,prose;symbolic;parametric,1,1,1,1,1,1,1,1,1,1,1,1,1,yes,1,1,0,0,1,1,1,1,1,1,1,0,1,both,1,1,0,1,1,1,0,no,yes,"Ordinary API/MCP/client usage is pull, while Claude Code and similar hook integrations push instance-targeted retained-memory recall into the agent's pre-action context"
HippoRAG,kb/agent-memory-systems/reviews/HippoRAG.md,https://github.com/OSU-NLP-Group/HippoRAG,related-systems/OSU-NLP-Group--HippoRAG,,repo-reviewed,files,prose;symbolic;parametric,1,1,1,1,1,0,1,1,0,1,0,1,0,no,,,,,,,,,,,,,,pull,1,0,,,,,,,no,"A caller invokes `retrieve`, `retrieve_dpr`, `rag_qa`, or `rag_qa_dpr`; the reviewed repository does not implement a relevance-gated host hook that pushes memories into an agent before action"
hyalo,kb/agent-memory-systems/reviews/hyalo.md,https://github.com/ractive/hyalo,related-systems/ractive--hyalo,,repo-reviewed,files,prose;symbolic,1,1,0,1,1,0,1,1,1,1,1,1,0,no,,,,,,,,,,,,,,pull,1,0,,,,,,,no,"For hyalo's implemented retrieval and mutation machinery. Generated Claude rules/skills and managed instructions add always-loaded or ordinary host-skill instruction surfaces, but I did not find engineered relevance-gated push activation in hyalo's own code, so this review does not carry `push-activation`"
HyperAgents,kb/agent-memory-systems/reviews/hyperagents.md,https://github.com/facebookresearch/Hyperagents,related-systems/Hyperagents,,repo-reviewed,files,symbolic,0,1,0,1,1,1,1,1,0,1,1,1,0,yes,1,1,0,1,0,1,0,0,0,1,0,0,1,push,0,1,0,1,0,0,0,no,yes,"For selected code lineage replay over retained patch artifacts and archive metadata; copied archive evidence is only a weak pull affordance, and there is no implemented relevance-gated memory injection into a receiving agent prompt."
interview-doc-agent,kb/agent-memory-systems/reviews/interview-doc-agent.md,,,,repo-reviewed,files,prose,1,0,0,1,1,0,1,1,0,1,0,1,0,no,,,,,,,,,,,,,,pull,1,0,,,,,,,no,"The retained experience library reaches the agent when the agent follows the skill, opens `wiki/index.md`, and deliberately reads selected experience records and templates; the always-loaded part is the lookup instruction, not selected retained memory."
KBLaM,kb/agent-memory-systems/reviews/KBLaM.md,https://github.com/microsoft/KBLaM,related-systems/microsoft--KBLaM,,repo-reviewed,model-weights,parametric,0,0,1,1,1,0,1,0,0,1,0,1,1,no,,,,,,,,,,,,,,push,0,1,1,0,0,1,0,no,yes,"Caller-supplied KB tensors are pushed into modified attention layers at generation time. Default KB supply is coarse; optional Llama `dynamic_sparsify` is instance-targeted inferred/embedding selection over current query states and KB keys. This is a library/model API surface, not a deployed agent loop."
Kompl,kb/agent-memory-systems/reviews/Kompl.md,,,,repo-reviewed,sqlite,prose;symbolic;parametric,1,1,1,1,1,1,1,1,1,1,1,1,1,yes,1,0,1,0,1,1,1,0,0,1,1,0,1,both,1,1,0,0,1,1,1,no,yes,"External MCP agents pull wiki pages through tools, while the built-in chat agent receives instance-targeted retrieved pages selected from the compiled wiki before synthesis; static pages are not enough on their own, but `/api/chat` wires retained memory into the model call."
LACP,kb/agent-memory-systems/reviews/lacp.md,https://github.com/0xNyk/lacp,related-systems/lacp,,repo-reviewed,files,symbolic,0,1,0,1,1,1,1,1,1,1,1,1,1,yes,1,1,1,1,1,1,0,1,1,1,1,1,1,both,1,1,1,1,0,0,0,no,yes,"Operators and agents can pull via `lacp brain-*`, `lacp obsidian`, `lacp sms`, `lacp reflect`, and explicit search/read commands; Claude lifecycle hooks also push retained focus, handoff, and SMS memory into the receiving model's context. Context modes and workflow briefs are shipped/configured baseline surfaces, and Stop/eval feedback is a live gate, not retained-memory read-back."
Letta,kb/agent-memory-systems/reviews/letta.md,https://github.com/letta-ai/letta,related-systems/letta-ai--letta,,repo-reviewed,rdbms,prose;symbolic;parametric,1,1,1,1,1,1,1,1,1,1,1,1,1,yes,1,1,1,0,1,1,1,1,1,1,1,0,1,both,1,1,0,1,0,0,0,no,yes,Core memory blocks and selected source/file windows are pushed into the receiving model's system context before action; archival and conversation memory content is pull through tools the agent or host must call explicitly
LLM Wiki (kenhuangus),kb/agent-memory-systems/reviews/kenhuangus--llm-wiki.md,https://github.com/kenhuangus/llm-wiki,related-systems/kenhuangus--llm-wiki,,repo-reviewed,files,prose;symbolic,1,1,0,1,1,1,1,1,0,1,1,1,1,yes,1,0,1,0,1,1,0,0,1,1,1,0,1,pull,1,0,,,,,,,no,"For agents over BM25/index/wiki files; daemon queues and scheduled jobs push work through the pipeline, but the source does not implement engineered relevance-gated memory/context push into a receiving agent or model context"
LLM Wiki (MehmetGoekce),kb/agent-memory-systems/reviews/MehmetGoekce--llm-wiki.md,https://github.com/MehmetGoekce/llm-wiki,related-systems/MehmetGoekce--llm-wiki,,repo-reviewed,files,prose;symbolic,1,1,0,1,1,0,1,1,0,1,1,1,0,no,,,,,,,,,,,,,,both,1,1,1,0,0,0,0,no,no,"L1 memory is a coarse host-provided always-load path at session start, while L2 wiki pages and query-time L1 supplements enter through explicit `/wiki query` or command workflows using namespace/entity/keyword matching. The repo records the memory path and recommends L1/L2 routing, but it does not implement a relevance-gated memory push hook into a receiving agent/model context, so this does not warrant `push-activation`"
LLM Wiki (nvk),kb/agent-memory-systems/reviews/llm-wiki.md,https://github.com/kenhuangus/llm-wiki,related-systems/kenhuangus--llm-wiki,,repo-reviewed,files,prose;symbolic,1,1,0,1,1,1,1,1,1,1,1,1,1,yes,1,0,1,0,1,1,0,1,1,1,1,0,1,pull,1,0,,,,,,,no,"Dominant and query/command-mediated; indexes, articles, and lessons re-enter action when an agent invokes or auto-activates the wiki skill and reads selected files, but the source does not implement an engineered relevance-gated memory push into an already-running receiving agent's context"
llm-context-base,kb/agent-memory-systems/reviews/llm-context-base.md,,,,repo-reviewed,files,prose;symbolic,1,1,0,1,1,1,1,1,0,1,1,0,1,yes,1,0,1,0,1,1,0,0,1,1,1,0,1,both,1,1,1,0,0,0,0,no,no,"learned config/context and session summaries are pushed at startup, while retained wiki content is pulled through explicit knowledge-query routing, summary scans, links, and file reads."
llm-project-wiki,kb/agent-memory-systems/reviews/llm-project-wiki.md,,,,repo-reviewed,repo,prose;symbolic,1,1,0,1,1,0,1,1,0,1,1,0,0,no,,,,,,,,,,,,,,pull,1,0,,,,,,,no,"For retained memory only, wiki content reaches the agent when the agent follows the generated wiki-first rule, opens `index.md`, and reads selected wiki pages. The always-loaded part is the lookup instruction in `CLAUDE.md` or `GEMINI.md`, not selected retained wiki content."
llm-wiki,kb/agent-memory-systems/reviews/Pratiyush--llm-wiki.md,https://github.com/Pratiyush/llm-wiki,related-systems/Pratiyush--llm-wiki,,repo-reviewed,model-weights,prose;symbolic,1,1,0,1,1,1,1,1,1,1,1,1,1,yes,1,1,0,0,1,1,0,0,1,1,0,0,1,pull,1,0,,,,,,,no,"In the implemented core. Agents and users call `/wiki-query`, read files, use MCP `wiki_query`/`wiki_search`/`wiki_read_page`, browse static exports, or run sync/build commands; no current code path pushes relevance-matched memory into a receiving agent before action"
llm-wiki-coordination,kb/agent-memory-systems/reviews/llm-wiki-coordination.md,,,,repo-reviewed,repo,prose;symbolic,1,1,0,1,1,1,1,1,1,1,1,0,1,yes,1,0,0,1,1,1,0,0,1,1,0,0,1,pull,1,0,,,,,,,no,"The reviewed repository provides copied protocol files, downstream dialogue files, and an audit command that agents or humans must deliberately read or run; it does not implement a hook, matcher, scheduler, or host integration that pushes retained wiki memory into an acting agent before a task."
Mem0,kb/agent-memory-systems/reviews/mem0.md,https://github.com/mem0ai/mem0,related-systems/mem0ai--mem0,,repo-reviewed,vector,prose;symbolic;parametric,1,1,1,1,0,1,1,1,0,1,0,1,1,yes,1,1,1,0,1,1,1,1,1,1,1,0,1,both,1,1,0,1,1,1,0,no,yes,"Core SDK/API/MCP search is pull, but the proxy wrapper, OpenClaw hooks, and resume branch of `mem0-plugin` implement engineered pre-action memory push paths that search or select retained memories and inject them into the receiving prompt/context"
Memex,kb/agent-memory-systems/reviews/memex.md,,,,repo-reviewed,files,prose;symbolic,1,1,0,1,1,0,1,1,1,1,0,0,0,no,,,,,,,,,,,,,,pull,1,0,,,,,,,no,"Retained memory reaches Claude when a job prompt tells it to read `_schema.md`, `_index.md`, search with `Grep`/`Glob`, and `Read` selected wiki files; Memex does not implement unsolicited relevance-triggered memory injection into an already-running agent."
Memori,kb/agent-memory-systems/reviews/Memori.md,https://github.com/MemoriLabs/Memori,related-systems/Memori,,repo-reviewed,service-object,prose;symbolic;parametric,1,1,1,1,1,1,1,1,0,1,1,1,1,yes,1,1,1,0,1,1,1,1,1,1,1,0,1,both,1,1,0,1,1,1,0,no,yes,"Registered Python/TypeScript SDK clients implement engineered pre-call push activation by querying relevant facts, threshold-filtering them, and injecting `<memori_context>` or history into the receiving request; OpenClaw and Claude Code integrations mostly expose memory as explicit pull tools plus instructions to use them"
MemoryOS,kb/agent-memory-systems/reviews/MemoryOS.md,https://github.com/BAI-LAB/MemoryOS,related-systems/BAI-LAB--MemoryOS,,repo-reviewed,vector,prose;symbolic;parametric,1,1,1,1,0,1,1,1,0,1,0,1,1,yes,1,0,1,0,1,1,1,0,1,0,1,0,1,both,1,1,1,0,0,1,0,no,yes,"MCP tools are pull, but `get_response()` implements an instance-targeted, embedding-selected memory push from the receiving model's perspective by retrieving relevant memory before the model call and inserting it into the generated system/user prompt"
MemPalace,kb/agent-memory-systems/reviews/mempalace.md,https://github.com/milla-jovovich/mempalace,related-systems/mempalace,,repo-reviewed,vector,prose;symbolic;parametric,1,1,1,1,1,1,1,1,1,1,1,1,1,yes,1,0,1,0,1,1,1,0,1,1,1,1,1,pull,1,0,,,,,,,no,"Agents or users deliberately call wake-up/search/status/KG/diary/drawer tools; hooks push capture and save checkpoints, not relevance-gated retrieved memory"
MentisDB,kb/agent-memory-systems/reviews/mentisdb.md,https://github.com/cloudllm-ai/mentisdb,related-systems/mentisdb,,repo-reviewed,model-weights,prose;symbolic;parametric,1,1,1,1,1,0,1,1,1,1,1,1,0,no,,,,,,,,,,,,,,both,1,1,1,0,0,0,0,no,no,"Mostly pull through MCP/REST/CLI/dashboard/Python/LangChain search/read APIs, plus coarse host-mediated memory push in the LangChain `load_memory_variables()` adapter; targeting is `coarse`, signal is n/a, because selection is chain/type/recent-window loading rather than instance relevance. The MCP bootstrap loads shipped core skill docs as a baseline context surface, not read-back, and I did not find a code-grounded relevance-gated pre-action memory-content injection path that warrants `push-activation`"
Meta-Harness,kb/agent-memory-systems/reviews/meta-harness.md,https://github.com/stanford-iris-lab/meta-harness,related-systems/stanford-iris-lab--meta-harness,,repo-reviewed,files,prose,1,0,0,1,0,1,1,1,1,1,1,1,1,yes,1,1,1,1,1,1,0,0,1,1,0,1,1,pull,1,0,,,,,,,no,"The durable state is read by the proposer or harness through explicit file paths, skills, logs, frontiers, and evaluation scripts; I did not find relevance-gated pre-action memory injection into the acting solver"
MiroShark,kb/agent-memory-systems/reviews/MiroShark.md,https://github.com/aaronjmars/MiroShark,related-systems/MiroShark,,repo-reviewed,graph,prose;symbolic;parametric,1,1,1,1,1,1,1,1,0,1,0,1,1,yes,0,1,1,1,1,1,1,1,0,0,1,0,1,both,1,1,0,1,0,0,0,no,yes,"External graph/report/MCP queries are pull, while retained simulation memory, belief state, cross-platform digests, and per-agent MCP results are pushed into active agents before later actions"
nao,kb/agent-memory-systems/reviews/nao.md,https://github.com/getnao/nao,related-systems/getnao--nao,,repo-reviewed,repo,prose;symbolic,1,1,0,1,1,1,1,1,1,1,1,1,1,yes,1,0,0,0,1,1,0,0,0,1,1,0,0,both,1,1,1,0,0,0,0,no,no,"Most project context is pull through file/MCP tools and explicit `@`/`/` mentions; pushed retained memory is coarse, with `RULES.md`, project connection names, project skill summaries, and active user memories loaded when present/enabled rather than selected by an instance signal. Shipped baseline instructions and root skill-pack docs are baseline context surfaces, not read-back."
napkin,kb/agent-memory-systems/reviews/napkin.md,https://github.com/Michaelliv/napkin,related-systems/napkin,,repo-reviewed,files,prose;symbolic,1,1,0,1,1,0,1,1,0,1,0,1,0,no,,,,,,,,,,,,,,pull,1,0,,,,,,,no,"In the implemented core, memory reaches the agent through explicit CLI/SDK calls such as `overview`, `search`, `read`, links, tasks, tags, properties, bases, and file commands; `NAPKIN.md` is included when overview is called, not automatically pushed by Napkin itself"
Nuggets,kb/agent-memory-systems/reviews/nuggets.md,https://github.com/NeoVertex1/nuggets,related-systems/nuggets,,repo-reviewed,files,symbolic,0,1,0,1,0,1,1,1,0,1,0,1,1,yes,1,1,1,0,1,1,1,1,1,1,1,0,1,both,1,1,1,0,0,0,0,no,yes,"Explicit `nuggets` tool recall is pull, while Pi `before_agent_start` injection pushes current remembered facts into the agent before action; gateway heartbeats and cron jobs push prompts to Pi, but the retained-memory push still comes from Pi's injected or tool-accessible Nuggets facts rather than a gateway-side memory selector"
o-o,kb/agent-memory-systems/reviews/o-o.md,https://github.com/jahala/o-o,related-systems/jahala--o-o,,repo-reviewed,files,prose,1,0,0,1,1,0,1,1,1,1,0,0,0,no,,,,,,,,,,,,,,pull,1,0,,,,,,,no,"A user, index command, cron job, or other external runner invokes a document, then the update agent reads the embedded contract/cache/changelog; I did not find a code-grounded relevance-gated pre-action push path, so the `push-activation` tag is not warranted"
OpenClerk,kb/agent-memory-systems/reviews/openclerk.md,,,,repo-reviewed,sqlite,prose;symbolic;parametric,1,1,1,1,1,0,1,1,0,1,1,1,0,no,,,,,,,,,,,,,,pull,1,0,,,,,,,no,"Retained vault knowledge reaches an agent only when the agent or user invokes `openclerk retrieval` or `openclerk document` actions; the skill is static routing policy, and the checked implementation has no automatic memory push, session hook, situation-triggered recall, or query-independent prompt injection of accumulated vault knowledge."
OpenSage,kb/agent-memory-systems/reviews/OpenSage.md,https://github.com/opensage-agent/OpenSage,related-systems/OpenSage,,repo-reviewed,files,prose;symbolic;parametric,1,1,1,1,0,1,1,1,1,1,1,1,1,yes,1,1,1,1,1,1,1,1,0,1,1,1,0,both,1,1,1,1,0,0,0,no,yes,"Long-term Neo4j memory is explicit pull through `search_memory` or the memory-management agent, while configured Skills, history/session summaries, and ensemble message-board diffs can arrive without the receiving agent making a memory lookup."
OpenViking,kb/agent-memory-systems/reviews/openviking.md,https://github.com/volcengine/OpenViking,related-systems/OpenViking,,repo-reviewed,files,prose;symbolic;parametric,1,1,1,1,1,1,1,1,1,1,1,1,1,yes,1,1,0,1,1,1,1,0,0,1,1,0,1,both,1,1,0,1,1,1,0,no,yes,"OpenViking supports pull read-back through MCP/HTTP/CLI/search/read/list tools, and it supports push read-back when hooks or LangChain middleware relevance-rank memories and inject selected context before a model acts"
Operational Ontology Framework,kb/agent-memory-systems/reviews/operational-ontology-framework.md,https://github.com/fstech-digital/operational-ontology-framework,related-systems/fstech-digital--operational-ontology-framework,,repo-reviewed,files,symbolic,0,1,0,1,0,0,1,1,0,1,1,0,0,no,,,,,,,,,,,,,,pull,1,0,,,,,,,no,"From the inspected repository. A human or agent can deliberately read the docs/templates, but I found no relevance-gated or state/scoped pre-action push activation, no always-loaded agent config, and no runtime loader"
Origin,kb/agent-memory-systems/reviews/origin.md,,,,repo-reviewed,sqlite,prose;symbolic;parametric,1,1,1,1,1,1,1,1,1,1,1,1,1,yes,1,0,0,0,1,1,1,0,1,1,1,1,1,both,1,1,0,1,1,1,0,no,yes,"Agents and users can pull memories/pages through recall, search, list, and get-page tools, while `/brief` and `context` provide engineered session/topic/space-scoped memory packets to the acting agent before work continues."
OS-Copilot,kb/agent-memory-systems/reviews/OS-Copilot.md,https://github.com/OS-Copilot/OS-Copilot,related-systems/OS-Copilot--OS-Copilot,,repo-reviewed,vector,prose;symbolic;parametric,1,1,1,1,1,1,1,1,1,1,1,1,1,yes,0,1,0,1,1,1,1,1,1,1,1,0,1,push,0,1,0,0,0,1,0,no,yes,"With engineered push activation. Tool descriptions are automatically retrieved from task text before planning, and tool code is automatically retrieved from Python subtask descriptions before code generation; manual add/delete commands manage the repository but are not agent read-back."
Pal,kb/agent-memory-systems/reviews/pal.md,https://github.com/agno-agi/pal,related-systems/agno-agi--pal,,repo-reviewed,rdbms,prose;symbolic;parametric,1,1,1,1,1,1,1,1,1,1,1,0,1,no,,,,,,,,,,,,,,both,1,1,1,0,0,0,0,no,yes,"Pull paths include explicit tool calls such as wiki index reads, file reads, SQL queries, and knowledge searches. Push paths include Agno-added learnings and past-session/history context before the agent's next action; scheduled maintenance prompts start runs that can activate those retained memories."
Phantom,kb/agent-memory-systems/reviews/phantom.md,https://github.com/ghostwright/phantom,related-systems/ghostwright--phantom,,repo-reviewed,vector,prose;symbolic;parametric,1,1,1,1,0,1,1,1,1,1,1,1,1,yes,1,1,0,0,1,1,1,1,0,1,1,0,1,both,1,1,1,0,1,1,0,no,yes,"Phantom has pull surfaces through MCP, UI, and reflective tools, plus memory push from relevance-gated per-query Qdrant injection and coarse always-loaded evolved/working-memory prompt blocks. The `push-activation` tag is justified by the instance-targeted pre-action Qdrant memory context, not by baseline docs, coarse always-loaded memory, or ordinary memory-search tools"
pi-self-learning,kb/agent-memory-systems/reviews/pi-self-learning.md,https://github.com/mcollina/pi-self-learning,related-systems/pi-self-learning,,repo-reviewed,service-object,prose;symbolic,1,1,0,0,0,1,1,1,0,0,0,1,1,yes,1,1,1,0,1,1,0,1,1,1,1,0,1,both,1,1,1,0,0,0,0,no,no,"Manual commands such as `/learning-now`, `/learning-daily`, `/learning-status`, `/learning-month`, and `/learning-redistill` are pull surfaces. The `before_agent_start` hook pushes retained memory into the receiving agent's context, but targeting is `coarse` and signal is n/a: selection is session-start/config-flag/recency loading of recent runtime notes plus configured core, daily, and monthly memory files, not instance relevance. The appended memory policy is baseline instruction, not memory read-back, and this review does not assign `push-activation`."
playground,kb/agent-memory-systems/reviews/playground.md,https://github.com/triblespace/playground,related-systems/triblespace--playground,,repo-reviewed,files,symbolic,0,1,0,1,1,1,1,1,1,1,1,0,0,no,,,,,,,,,,,,,,both,1,1,1,0,0,0,0,no,yes,"With engineered push. The model can run memory/archive/orient faculties as pull commands, but the implemented core also pushes a selected memory cover before each model action. Targeting is `coarse`: every model request receives a continuity cover selected by time, hierarchy, and budget, not by an instance identifier or inferred task relevance."
Quicky Wiki,kb/agent-memory-systems/reviews/quicky-wiki.md,,,,repo-reviewed,sqlite,prose;symbolic,1,1,0,1,1,0,1,0,0,1,1,1,0,no,,,,,,,,,,,,,,pull,1,0,,,,,,,no,"Retained memory reaches agents and users through explicit CLI commands, dashboard routes, MCP tools, generated wiki pages, and FTS-backed query calls. I did not find an implemented host hook that automatically matches the current task and injects Quicky Wiki memory before an agent acts."
ReasoningBank,kb/agent-memory-systems/reviews/reasoning-bank.md,https://github.com/google-research/reasoning-bank,related-systems/reasoning-bank,,repo-reviewed,files,prose;symbolic;parametric,1,1,1,1,0,1,1,1,0,0,1,1,1,yes,1,1,0,1,1,1,1,1,0,1,1,0,1,both,1,1,0,0,0,1,0,no,yes,"Operators configure or omit the memory path, but from the receiving agent's perspective the implemented memory path is embedding-gated push: one selected prior memory is inserted into the system context before the next WebArena or SWE-Bench action loop"
Reflexion,kb/agent-memory-systems/reviews/reflexion.md,https://github.com/noahshinn/reflexion,related-systems/reflexion,,repo-reviewed,in-memory,prose,1,0,0,1,0,1,1,1,0,1,1,0,1,yes,1,1,0,1,1,0,0,1,0,0,0,0,1,push,0,1,0,1,0,0,0,yes,yes,For the acting agent. Task-local reflections are automatically placed in later prompts by task runners; the agent has no implemented retrieval tool or deliberate memory query path
REM,kb/agent-memory-systems/reviews/REM.md,https://github.com/satyammistari/REM,related-systems/REM,,repo-reviewed,graph,prose;symbolic;parametric,1,1,1,1,1,1,1,1,0,1,1,1,1,yes,1,0,0,1,1,1,1,1,0,1,1,0,1,both,1,1,0,1,0,1,0,no,yes,"The API and SDK are pull surfaces, while LangChain `REMMemory.load_memory_variables()` is an instance-targeted, embedding-selected pre-invoke memory push from the receiving chain's perspective"
SAGE,kb/agent-memory-systems/reviews/amazon-science--SAGE.md,https://github.com/amazon-science/SAGE,related-systems/amazon-science--SAGE,,repo-reviewed,files,prose;symbolic;parametric,1,1,1,1,1,1,1,1,1,1,1,1,1,yes,1,1,0,1,1,1,1,1,0,1,0,1,1,push,0,1,0,1,1,1,0,yes,yes,"With engineered memory selection. From the acting AppWorld agent's perspective, retained skill functions arrive in the initial prompt before it asks for them; the deployed evaluation path is same-scenario identifier selection, while optional modes use embedding or lexical inference and the GRPO loop stages first-subtask skills into the second subtask."
sage,kb/agent-memory-systems/reviews/sage.md,https://github.com/amazon-science/SAGE,related-systems/amazon-science--SAGE,,repo-reviewed,kv,prose;symbolic;parametric,1,1,1,1,0,1,1,1,1,1,1,1,1,yes,1,0,1,1,1,1,1,1,0,1,1,0,1,push,0,1,0,1,1,1,0,no,yes,"In the assigned Amazon Science SAGE source, retained/generated skill functions are selected by the harness and injected into the agent's initial task prompt; the reviewed code does not expose an agent-invoked memory lookup path"
sage-wiki,kb/agent-memory-systems/reviews/sage-wiki.md,,,,repo-reviewed,sqlite,prose;symbolic;parametric,1,1,1,1,1,1,1,1,1,1,1,1,1,yes,1,0,0,0,1,1,0,0,1,1,0,1,0,pull,1,0,,,,,,,no,Retained memory reaches the agent through explicit CLI/MCP/search/query/read/ontology calls. Generated skill files provide static guidance for when to pull; they do not automatically select and inject retained wiki content before an action.
Secure LLM-Wiki,kb/agent-memory-systems/reviews/secure-llm-wiki.md,,,,repo-reviewed,repo,prose;symbolic;parametric,1,1,1,1,1,0,1,1,1,1,1,1,0,no,,,,,,,,,,,,,,push,0,1,1,0,0,0,0,no,no,"Retained claims reach the query model because `secure-wiki query` builds a system prompt containing the entire eligible wiki context block before the user asks questions; `secure-wiki context` is a pull surface for humans/tools, but the acting query model receives memory by coarse session-level push."
Self-Training-LLM,kb/agent-memory-systems/reviews/Self-Training-LLM.md,https://github.com/wj210/Self-Training-LLM,related-systems/wj210--Self-Training-LLM,,repo-reviewed,model-weights,prose;symbolic;parametric,1,1,1,1,1,1,1,1,1,0,1,1,1,yes,0,0,0,1,0,0,1,0,0,1,0,1,1,push,0,1,1,0,0,0,0,yes,no,"By checkpoint selection/always-load rather than retrieval. Targeting is `coarse`, signal n/a: once the caller loads an SFT or DPO checkpoint, the learned behavior is always active in generation. The `rag` mode inserts the current test document into the prompt, but that is evaluation-time document context rather than retained memory read-back. This commit does not implement relevance-gated memory/context injection, so `push-activation` is not warranted."
Semiont,kb/agent-memory-systems/reviews/semiont.md,https://github.com/The-AI-Alliance/semiont,related-systems/The-AI-Alliance--semiont,,repo-reviewed,files,prose;symbolic;parametric,1,1,1,1,1,1,1,1,0,1,1,1,0,yes,0,0,1,0,1,1,1,0,1,0,1,1,0,both,1,1,0,1,0,1,1,no,yes,"Explicit pull via SDK/CLI/browser calls, and engineered push in the reference-resolution UI where `bind:initiate` opens the wizard and emits `gather:requested`, causing bounded retained KB context to arrive before the user chooses bind/generate/compose ([packages/react-ui/src/features/resource-viewer/state/resource-viewer-page-state-unit.ts](https://github.com/The-AI-Alliance/semiont/blob/7e3f183b0b7619ce6be964d2e30c8e5eb6f207df/packages/react-ui/src/features/resource-viewer/state/resource-viewer-page-state-unit.ts), [packages/sdk/src/state/flows/gather-state-unit.ts](https://github.com/The-AI-Alliance/semiont/blob/7e3f183b0b7619ce6be964d2e30c8e5eb6f207df/packages/sdk/src/state/flows/gather-state-unit.ts))"
sift-kg,kb/agent-memory-systems/reviews/sift-kg.md,https://github.com/juanceresa/sift-kg,related-systems/juanceresa--sift-kg,,repo-reviewed,files,prose;symbolic,1,1,0,1,1,0,1,1,0,1,1,1,0,no,,,,,,,,,,,,,,pull,1,0,,,,,,,no,"The graph reaches the agent through deliberate `info`, `topology`, `query`, `search`, viewer, export, or skill-guided lookup. I did not find an implemented host hook that automatically matches the user's current situation and injects graph memory into the agent context before action"
Siftly,kb/agent-memory-systems/reviews/siftly.md,https://github.com/viperrcrypto/Siftly,related-systems/viperrcrypto--Siftly,,repo-reviewed,sqlite,prose;symbolic,1,1,0,1,1,0,1,0,0,1,0,1,0,no,,,,,,,,,,,,,,pull,1,0,,,,,,,no,"Users or external agents deliberately search, browse, inspect, run CLI commands, or read exported markdown; the code does not implement relevance-gated pre-action injection into a receiving agent's context"
Signet AI,kb/agent-memory-systems/reviews/signetai.md,https://github.com/Signet-AI/signetai,related-systems/Signet-AI--signetai,,repo-reviewed,sqlite,prose;symbolic;parametric,1,1,1,1,1,1,1,1,1,1,1,1,1,yes,1,0,1,0,1,1,1,1,1,1,1,0,1,both,1,1,1,1,1,1,0,no,yes,"Agents can explicitly pull through CLI/API/MCP recall and search surfaces, while session-start and entity-gated prompt-submit hooks push selected retained memory into the receiving agent's prompt path before action."
SkillNote,kb/agent-memory-systems/reviews/skillnote.md,https://github.com/luna-prompts/skillnote,related-systems/luna-prompts--skillnote,,repo-reviewed,rdbms,prose;symbolic,1,1,0,1,1,1,1,1,1,1,1,1,1,yes,1,1,1,0,1,1,0,1,1,1,1,0,1,both,1,1,1,1,0,0,1,no,yes,"Registry skills are pull when an agent deliberately invokes an MCP tool or reads a selected local skill; they are push when startup/session hooks sync selected collections, native skill descriptions are made visible to the host agent, and compact/subagent hooks reintroduce active skill metadata. Prompt-hook workflow text and OpenClaw sidecar instructions are shipped baseline scaffolding, not read-back by themselves."
SkillWeaver,kb/agent-memory-systems/reviews/SkillWeaver.md,https://github.com/OSU-NLP-Group/SkillWeaver,related-systems/OSU-NLP-Group--SkillWeaver,,repo-reviewed,files,prose;symbolic,1,1,0,1,0,1,1,1,1,1,1,1,1,yes,0,1,1,1,1,1,0,1,1,1,1,0,1,both,1,1,0,0,0,0,1,no,yes,"The agent can pull from the skill library through explicit retrieval machinery, and task attempts also run relevance-gated pre-action selection that pushes chosen generated skills into the acting prompt before code generation."
SkillX,kb/agent-memory-systems/reviews/SkillX.md,https://github.com/zjunlp/SkillX,related-systems/zjunlp--SkillX,,repo-reviewed,in-memory,prose;symbolic;parametric,1,1,1,1,1,1,1,1,1,1,1,1,1,yes,1,1,0,1,1,1,1,1,0,1,0,1,1,both,1,1,0,1,0,1,1,no,yes,"The retrieval service is pull machinery internally, but from the receiving agent's perspective selected trajectory-derived plans and skills are pushed into the system prompt before action through `SkillUsageService.prepare_prompt()`"
Spacebot,kb/agent-memory-systems/reviews/spacebot.md,https://github.com/spacedriveapp/spacebot,related-systems/spacedriveapp--spacebot,,repo-reviewed,sqlite,prose;symbolic;parametric,1,1,1,1,1,1,1,1,1,1,1,1,1,yes,1,1,1,0,1,1,1,0,1,1,1,0,1,both,1,1,1,1,1,1,0,no,yes,"Agents can pull through memory/wiki/task/channel tools, while channels and workers receive engineered prompt-time push from retained memory layers: memory bulletins, knowledge synthesis, working memory, channel maps, participant context, and instance-installed skills"
Sparks,kb/agent-memory-systems/reviews/sparks.md,,,,repo-reviewed,files,prose;symbolic,1,1,0,1,1,0,1,1,0,1,1,0,0,no,,,,,,,,,,,,,,pull,1,0,,,,,,,no,"Retained memory reaches the agent through explicit CLI/MCP calls such as `query`, `brief`, `status`, `affected`, `lint`, and direct file reads; Sparks does not implement unsolicited relevance-gated memory injection into a future agent action."
Stash,kb/agent-memory-systems/reviews/stash.md,https://github.com/alash3al/stash,related-systems/alash3al--stash,,repo-reviewed,rdbms,prose;symbolic;parametric,1,1,1,1,0,1,1,1,0,1,1,1,1,yes,1,0,0,0,1,1,1,0,1,1,1,0,1,pull,1,0,,,,,,,no,"Agents or users call MCP/CLI tools such as `recall`, `query_facts`, `query_relationships`, `get_context`, `list_goals`, `list_failures`, and `list_hypotheses`; the MCP prompt strongly instructs agents to call those tools before history-sensitive answers, but I did not find a code-grounded relevance-gated pre-action injection path for stored memory content, so `push-activation` is not warranted"
supermemory,kb/agent-memory-systems/reviews/supermemory.md,https://github.com/supermemoryai/supermemory,related-systems/supermemoryai--supermemory,,repo-reviewed,service-object,prose;symbolic;parametric,1,1,1,1,1,1,1,1,0,1,0,1,1,yes,1,1,1,0,1,1,1,0,1,1,1,0,0,both,1,1,1,0,1,1,0,no,yes,"With engineered push activation. MCP `recall`, API search, and SDK tools are pull surfaces, while OpenAI/Vercel/Mastra/Python middleware and MCP `context` prompt paths can fetch profile/search context before generation and inject it into system or prompt context; the browser extension can also append related memories into the prompt field before submission."
Synapptic,kb/agent-memory-systems/reviews/synapptic.md,https://github.com/appcuarium/synapptic,related-systems/synapptic,,repo-reviewed,files,prose;symbolic,1,1,0,1,0,1,1,1,1,1,1,1,1,yes,1,1,0,0,1,1,0,0,1,1,0,1,1,push,0,1,0,1,0,0,0,yes,yes,"With engineered project/model scoping and faithfulness testing. Future agents receive the archetype through host memory/instruction files rather than asking Synapptic to search. The memory push is instance-targeted by project and target-assistant identifiers, not by per-query semantic retrieval."
Synthadoc,kb/agent-memory-systems/reviews/synthadoc.md,,,,repo-reviewed,files,prose;symbolic;parametric,1,1,1,1,1,0,1,1,1,1,1,1,0,no,,,,,,,,,,,,,,pull,1,0,,,,,,,no,"Retained wiki content returns through explicit query, search, context-pack, export, CLI, HTTP, MCP, or Obsidian actions; hooks emit operation events and `AGENTS.md` supplies static domain instructions, but the inspected code does not push accumulated wiki memory into an agent before it asks for it."
Tendril,kb/agent-memory-systems/reviews/tendril.md,https://github.com/serverless-dna/tendril,related-systems/serverless-dna--tendril,,repo-reviewed,files,prose;symbolic,1,1,0,1,0,0,1,1,1,1,1,0,0,no,,,,,,,,,,,,,,pull,1,0,,,,,,,no,"The retained capability registry enters action when the agent deliberately calls `listCapabilities()` and then `execute`; the always-loaded Tendril system prompt is shipped baseline instruction, not retained memory read-back. I did not find a code-grounded relevance-gated or hook-based memory-content push path that warrants `push-activation`"
Thalo,kb/agent-memory-systems/reviews/thalo.md,https://github.com/rejot-dev/thalo,related-systems/rejot-dev--thalo,,repo-reviewed,files,prose;symbolic,1,1,0,1,1,0,1,1,1,1,1,0,0,no,,,,,,,,,,,,,,both,1,1,0,1,0,0,0,no,yes,"Ordinary Thalo use is pull through `query`, LSP navigation, scripting APIs, and manual `actualize`; `thalo-action` adds engineered push activation by detecting pending syntheses from changed entries, passing the selected source entries and prompt to a user command before generation, and opening a PR"
TheKnowledge,kb/agent-memory-systems/reviews/TheKnowledge.md,,,,repo-reviewed,files,prose;symbolic,1,1,0,1,1,1,1,1,1,1,1,0,1,yes,0,0,1,0,1,1,0,0,0,1,0,0,1,both,1,1,1,0,0,0,0,no,yes,"The dominant memory path is explicit pull through `wiki context`, `wiki query`, MCP tools, source/page reads, and NotebookLM-mediated synthesis; the Claude Code SessionStart hook also pushes a pre-action re-anchor instruction that tells agents to consult retained `docs/session-state.md` when fresh enough."
Tolaria,kb/agent-memory-systems/reviews/tolaria.md,https://github.com/refactoringhq/tolaria,related-systems/refactoringhq--tolaria,,repo-reviewed,repo,prose;symbolic,1,1,0,1,1,0,1,1,1,1,0,1,0,no,,,,,,,,,,,,,,both,1,1,0,1,1,0,0,no,yes,"Tolaria exposes pull paths through MCP search/read/context tools and ordinary file/git access, and it implements engineered push activation for built-in AI sessions by injecting a bounded UI-derived snapshot of retained vault notes before the receiving agent acts; bundled Tolaria docs and generic vault instructions are baseline context, not memory read-back"
tracecraft,kb/agent-memory-systems/reviews/tracecraft.md,https://github.com/Arrmlet/tracecraft,related-systems/Arrmlet--tracecraft,,repo-reviewed,files,prose;symbolic,1,1,0,1,1,1,1,1,1,1,0,0,0,no,,,,,,,,,,,,,,pull,1,0,,,,,,,no,"Stored memory, messages, artifacts, step state, and session transcripts reach the agent only when the agent or harness explicitly calls the CLI; the code does not implement relevance-gated push activation, automatic prompt injection, or memory faithfulness tests"
Virtual Context,kb/agent-memory-systems/reviews/virtual-context.md,https://github.com/virtual-context/virtual-context,related-systems/virtual-context,,repo-reviewed,sqlite,symbolic,0,1,0,1,0,1,1,1,0,1,0,1,1,yes,1,1,1,0,1,1,1,1,0,1,1,0,1,both,1,1,0,1,1,1,1,no,yes,"Automatic relevance-scored proxy injection pushes selected summaries/facts into the model request, while MCP tools, VC commands, SDK calls, and paging tools provide deliberate pull paths"
VLM-wiki,kb/agent-memory-systems/reviews/VLM-wiki.md,,,,repo-reviewed,files,prose;symbolic,1,1,0,1,1,0,1,1,0,1,0,0,0,no,,,,,,,,,,,,,,pull,1,0,,,,,,,no,"Retained memory reaches the agent when the agent or user asks a query and the agent follows `AGENTS.md` by reading `wiki/index.md` and selected articles; the repo does not implement automatic memory push, pre-action hooks, semantic retrieval, or a selection budget."
Voiden,kb/agent-memory-systems/reviews/voiden.md,https://github.com/VoidenHQ/voiden,related-systems/VoidenHQ--voiden,,repo-reviewed,files,prose;symbolic,1,1,0,1,1,0,1,1,0,1,1,0,0,no,,,,,,,,,,,,,,pull,1,0,,,,,,,no,"Voiden stores and exposes readable workspace artifacts, search results, git status, history, and static installed skills, but I did not find a code-grounded relevance-gated pre-action push path that injects selected project memory into an agent context"
Voyager,kb/agent-memory-systems/reviews/voyager.md,https://github.com/MineDojo/Voyager,related-systems/Voyager,,repo-reviewed,files,prose;symbolic;parametric,1,1,1,1,1,1,1,1,1,1,1,1,1,yes,0,0,1,1,1,1,1,1,0,1,1,0,0,push,0,1,1,0,0,1,0,no,yes,"Voyager's orchestrator runs instance-targeted skill retrieval before the action agent writes its next program, then injects selected skills into the action prompt while making the full active skill set available to execution"
WeKnora,kb/agent-memory-systems/reviews/WeKnora.md,,,,repo-reviewed,rdbms,prose;symbolic;parametric,1,1,1,1,1,1,1,1,1,1,1,1,1,yes,1,0,1,0,1,1,0,1,0,1,1,0,0,both,1,1,0,1,1,1,1,no,yes,"Quick Q&A and opt-in memory push retrieved content into the LLM's context before response generation, while ReAct agent mode exposes knowledge, wiki, graph, MCP, and skill tools that the agent deliberately pulls."
WUPHF,kb/agent-memory-systems/reviews/wuphf.md,https://github.com/nex-crm/wuphf,related-systems/nex-crm--wuphf,,repo-reviewed,repo,prose;symbolic,1,1,0,1,1,1,1,1,1,1,1,1,1,yes,0,0,1,1,1,1,0,0,1,1,1,0,1,both,1,1,0,0,1,1,0,no,yes,WUPHF has pull through MCP/wiki/notebook/context tools and engineered push through broker-woken agent turns that append scoped memory briefs before the next provider action.
xMemory,kb/agent-memory-systems/reviews/xMemory.md,https://github.com/HU-xiaobai/xMemory,related-systems/xMemory,,repo-reviewed,vector,prose;symbolic;parametric,1,1,1,1,0,1,1,1,0,1,0,1,1,yes,1,0,0,0,1,1,1,1,0,0,1,0,1,both,1,1,0,0,0,1,0,no,yes,"The `xMemory.search()` facade is an explicit pull interface, while the LoCoMo `adaptive_hier` answer loop performs relevance- and entropy-gated retrieval over retained memories before `answer()` assembles them into the LLM prompt"
Zikkaron,kb/agent-memory-systems/reviews/Zikkaron.md,https://github.com/amanhij/Zikkaron,related-systems/amanhij--Zikkaron,,repo-reviewed,sqlite,prose;symbolic;parametric,1,1,1,1,1,1,1,1,1,1,1,1,1,yes,1,1,1,0,1,1,1,0,1,1,1,0,1,both,1,1,1,1,1,1,0,no,yes,"With engineered push activation. `recall`, `get_project_context`, `restore`, and other MCP tools are explicit pull surfaces; installed Claude hooks push selected memories, checkpoints, actions, and prompt-matched recall into context before the receiving agent acts."
