review_file,storage_substrate,representational_form,read_back_direction,flags
kb/agent-memory-systems/reviews/Agent-S.md,files,prose,both,
kb/agent-memory-systems/reviews/AgentFly.md,files,mixed,push,
kb/agent-memory-systems/reviews/AriGraph.md,in-memory,mixed,push,
kb/agent-memory-systems/reviews/Auto-claude-code-research-in-sleep.md,files,mixed,both,
kb/agent-memory-systems/reviews/Awesome-Agent-Memory.md,files,mixed,pull,
kb/agent-memory-systems/reviews/CORAL.md,files,mixed,both,
kb/agent-memory-systems/reviews/Closure-SDK.md,in-memory,symbolic,pull,
kb/agent-memory-systems/reviews/HippoRAG.md,files,mixed,pull,
kb/agent-memory-systems/reviews/KBLaM.md,model-weights,parametric,push,
kb/agent-memory-systems/reviews/MehmetGoekce--llm-wiki.md,files,prose,both,
kb/agent-memory-systems/reviews/Memori.md,service-object,prose,both,
kb/agent-memory-systems/reviews/MemoryOS.md,vector,prose,both,
kb/agent-memory-systems/reviews/MiroShark.md,graph,mixed,both,
kb/agent-memory-systems/reviews/OS-Copilot.md,vector,mixed,both,
kb/agent-memory-systems/reviews/OpenSage.md,in-memory,symbolic,both,
kb/agent-memory-systems/reviews/Pratiyush--llm-wiki.md,model-weights,mixed,pull,
kb/agent-memory-systems/reviews/REM.md,graph,mixed,both,
kb/agent-memory-systems/reviews/Self-Training-LLM.md,model-weights,parametric,push,
kb/agent-memory-systems/reviews/SkillWeaver.md,files,mixed,both,
kb/agent-memory-systems/reviews/SkillX.md,in-memory,mixed,both,
kb/agent-memory-systems/reviews/Zikkaron.md,sqlite,mixed,both,
kb/agent-memory-systems/reviews/a-mem.md,vector,mixed,pull,
kb/agent-memory-systems/reviews/ace.md,in-memory,mixed,push,
kb/agent-memory-systems/reviews/agent-r.md,model-weights,parametric,push,
kb/agent-memory-systems/reviews/agent-skills-for-context-engineering.md,repo,mixed,both,
kb/agent-memory-systems/reviews/agent-workflow-memory.md,files,mixed,push,
kb/agent-memory-systems/reviews/agentic-harness-engineering.md,repo,mixed,both,
kb/agent-memory-systems/reviews/amazon-science--SAGE.md,files,mixed,push,
kb/agent-memory-systems/reviews/archie.md,repo,mixed,both,
kb/agent-memory-systems/reviews/arscontexta.md,files,mixed,both,
kb/agent-memory-systems/reviews/atomic.md,sqlite,mixed,both,
kb/agent-memory-systems/reviews/auto-harness.md,files,mixed,both,
kb/agent-memory-systems/reviews/autocontext.md,sqlite,symbolic,both,
kb/agent-memory-systems/reviews/binder.md,sqlite,symbolic,pull,
kb/agent-memory-systems/reviews/browzy-ai.md,sqlite,mixed,push,
kb/agent-memory-systems/reviews/byterover-cli.md,files,mixed,both,
kb/agent-memory-systems/reviews/cass_memory_system.md,files,mixed,both,
kb/agent-memory-systems/reviews/claude-context-guard.md,repo,mixed,both,
kb/agent-memory-systems/reviews/clawvault.md,files,mixed,both,
kb/agent-memory-systems/reviews/cludebot.md,sqlite,mixed,both,
kb/agent-memory-systems/reviews/cocoindex.md,files,mixed,pull,
kb/agent-memory-systems/reviews/cognee.md,rdbms,symbolic,both,
kb/agent-memory-systems/reviews/context-constitution.md,files,prose,push,
kb/agent-memory-systems/reviews/cq.md,sqlite,mixed,pull,
kb/agent-memory-systems/reviews/crewai-memory.md,vector,mixed,both,
kb/agent-memory-systems/reviews/decapod.md,files,mixed,both,
kb/agent-memory-systems/reviews/docmason.md,files,mixed,both,
kb/agent-memory-systems/reviews/dynamic-cheatsheet.md,in-memory,prose,push,
kb/agent-memory-systems/reviews/engraph.md,files,mixed,pull,
kb/agent-memory-systems/reviews/equipa.md,sqlite,mixed,push,
kb/agent-memory-systems/reviews/exocomp.md,files,mixed,both,
kb/agent-memory-systems/reviews/expel.md,files,mixed,both,
kb/agent-memory-systems/reviews/g-memory.md,vector,mixed,push,
kb/agent-memory-systems/reviews/gbrain.md,rdbms,mixed,both,
kb/agent-memory-systems/reviews/getsentry-skills.md,files,symbolic,both,
kb/agent-memory-systems/reviews/gnosis.md,files,mixed,pull,
kb/agent-memory-systems/reviews/graphiti.md,graph,mixed,pull,
kb/agent-memory-systems/reviews/halo.md,files,mixed,pull,
kb/agent-memory-systems/reviews/hindsight.md,rdbms,mixed,both,
kb/agent-memory-systems/reviews/hyalo.md,files,mixed,pull,
kb/agent-memory-systems/reviews/hyperagents.md,files,symbolic,push,
kb/agent-memory-systems/reviews/kenhuangus--llm-wiki.md,files,mixed,pull,
kb/agent-memory-systems/reviews/lacp.md,files,symbolic,both,
kb/agent-memory-systems/reviews/letta.md,rdbms,mixed,both,
kb/agent-memory-systems/reviews/llm-wiki.md,files,mixed,pull,
kb/agent-memory-systems/reviews/mem0.md,vector,mixed,both,
kb/agent-memory-systems/reviews/mempalace.md,vector,mixed,pull,
kb/agent-memory-systems/reviews/mentisdb.md,model-weights,mixed,both,
kb/agent-memory-systems/reviews/meta-harness.md,files,prose,pull,
kb/agent-memory-systems/reviews/nao.md,repo,mixed,both,
kb/agent-memory-systems/reviews/napkin.md,files,mixed,pull,
kb/agent-memory-systems/reviews/nuggets.md,files,symbolic,both,
kb/agent-memory-systems/reviews/o-o.md,files,prose,pull,
kb/agent-memory-systems/reviews/openviking.md,files,mixed,both,
kb/agent-memory-systems/reviews/operational-ontology-framework.md,files,symbolic,pull,
kb/agent-memory-systems/reviews/pal.md,rdbms,mixed,both,
kb/agent-memory-systems/reviews/phantom.md,vector,mixed,both,
kb/agent-memory-systems/reviews/pi-self-learning.md,service-object,mixed,both,
kb/agent-memory-systems/reviews/playground.md,files,symbolic,both,
kb/agent-memory-systems/reviews/reasoning-bank.md,files,mixed,both,
kb/agent-memory-systems/reviews/reflexion.md,in-memory,prose,push,
kb/agent-memory-systems/reviews/sage.md,kv,mixed,both,
kb/agent-memory-systems/reviews/semiont.md,files,mixed,both,
kb/agent-memory-systems/reviews/sift-kg.md,files,mixed,pull,
kb/agent-memory-systems/reviews/siftly.md,sqlite,mixed,pull,
kb/agent-memory-systems/reviews/signetai.md,sqlite,mixed,both,
kb/agent-memory-systems/reviews/skillnote.md,rdbms,mixed,both,
kb/agent-memory-systems/reviews/spacebot.md,sqlite,mixed,both,
kb/agent-memory-systems/reviews/stash.md,rdbms,mixed,pull,
kb/agent-memory-systems/reviews/supermemory.md,service-object,mixed,both,
kb/agent-memory-systems/reviews/synapptic.md,files,mixed,push,
kb/agent-memory-systems/reviews/tendril.md,files,mixed,both,
kb/agent-memory-systems/reviews/thalo.md,files,mixed,both,
kb/agent-memory-systems/reviews/tolaria.md,repo,mixed,both,
kb/agent-memory-systems/reviews/tracecraft.md,files,mixed,pull,
kb/agent-memory-systems/reviews/virtual-context.md,sqlite,symbolic,both,
kb/agent-memory-systems/reviews/voiden.md,files,mixed,pull,
kb/agent-memory-systems/reviews/voyager.md,files,mixed,push,
kb/agent-memory-systems/reviews/wuphf.md,repo,mixed,both,
kb/agent-memory-systems/reviews/xMemory.md,vector,mixed,both,
